X1,X2,X3,X4,X5,X6,X7,X8,X9,X10,X11,X12,X13,X14,X15,X16,y
-0.012179487789232455,-0.8414958038868166,1.305315210058665,-0.6889526688074078,-0.4403836354641556,0.4381756992520323,0.34942807175860624,0.030822699632044925,-0.2688361819573702,0.3961913362079952,0.41865130908680714,-0.7696761598198827,0.7520464005808452,0.13488621794054073,-0.06853832283778422,-0.4052210182400904,14.03589481153015
-0.0001358674034194171,0.5151938255582065,-0.04996217176860056,-1.9604924883638204,0.18183676748376712,-1.301044633187782,1.3292633102645324,-0.14915035308457414,1.1181549987435007,-0.6880684754242418,1.0211513623190906,-2.6774180973741664,1.027291601503689,0.3639022471209593,0.20917763371344525,0.16815636841828774,126.87057047881767
1.6404210782166306,-0.22687915456711968,0.4385686047992512,0.19773967253468724,-1.1684767199142967,1.0248801666327874,0.46721736493731797,0.9075104901115434,-0.29674084415781427,0.8758540598551822,1.5589514968820979,0.7855644597457612,-1.181622665951879,-0.22331318991558882,0.9295937489369788,0.7254383932680609,147.70846246143043
-0.5547415161948258,0.5006100725908836,-0.9666745329737544,0.39387349603978083,-0.719730896890287,0.29031399601172486,0.33036950656341874,-1.115777796619537,1.015873392065593,-0.8477306229706326,1.3259757088791326,-1.4624898688841212,1.3547206710476893,1.0051947107280637,-0.5466666739927011,-0.12663371085877548,156.35511427483513
-0.1647482370454458,1.4824850783320647,1.04981905230763,0.5930297699132671,-1.0066534364616169,0.7643751017458139,0.8980527088461129,-0.4844641545323035,0.09190309442055462,1.2372290561066828,1.6252534245054306,-0.22739272850206368,1.2819656407085303,0.620173567477027,2.57242911424854,1.1526440378635803,187.89736367803266
-0.09063472026156397,-0.42187454143743724,-1.940994084672856,-1.3968747858913024,-0.40667766296443525,0.8455558745368275,0.8662579091703919,0.07986461960504143,-0.05596261060247229,0.2980063723483356,1.547759398200765,0.4359750526863088,-0.702097989604776,-0.8978640729545595,0.16490642715268775,0.7688291885788173,144.45762486700792
-0.30216014472493413,-0.4851839184847767,0.7199112925647878,2.5229408496595385,-0.22983000346125168,0.655193020007305,-1.8516991405091678,0.7010312768002007,0.3924257380233435,1.4699649315973267,0.8613807554993302,1.2786368539971453,-0.6592496461243735,-0.15583989515599456,-0.43239610065166273,0.8032851383109902,117.9611601698545
-1.6299505717811915,1.4960078126279985,0.05879076557605493,-0.3597767511479964,0.8893664240300452,-1.2601502088400351,0.5780239371404858,0.44707782781714855,-0.5888045142293128,-1.4127981953031326,0.4844745244529261,-0.2122541016615269,-1.4486906673186533,0.724318470400433,-1.8363603437755593,-0.23438475602529898,10.920316688972862
0.10707320076265515,0.8191913120036284,-0.3172195027697165,-0.028633705673028014,-1.6077208680010668,0.028307973847334765,0.8186063391441485,-0.40137058831343486,0.12556886003905582,-0.3983576323802791,1.9564377754396252,0.9250312394153526,1.1598106092593288,-2.03004527886735,-2.0189296057278936,0.18753014526637404,171.6654785054813
-1.6902677710596243,-0.26279636667966016,-0.650286554751634,-0.2634059155756783,1.2247086687584807,1.3577297252165161,0.7632308719735481,-0.05137399901371605,0.1608941677829458,0.9179368861665234,-1.4326163968143588,-0.5594435175719279,0.5223147206801517,-0.6784208576027638,-0.9273802075304309,0.1327145160653386,-114.7603803758233
0.20906027655505557,-0.0994956041344307,-0.8859251258988933,0.013455245348199097,0.1473541308148563,-0.8295960045392836,-0.3115675887454872,-1.7679170563391358,0.2207593511141149,-0.6855244394219279,-0.043079746551428315,0.5428379990286538,0.3200980594328716,1.6506846087366025,1.7063558020807212,1.496156636293691,61.22183540673441
1.256611397891098,-0.13623713663730738,-0.9696806353439242,0.14625011122409898,0.9664854575882886,0.04495572069869863,-0.8594970760309405,-0.019727663828259943,-0.7316408899747724,0.5059890984501342,0.9179318333620835,-1.1599930471884166,0.5113895314551248,-0.643485868779277,0.18550671107831,1.863954967302675,123.98873098039529
0.2812060560157369,-0.7435679120963467,-0.8702598357371587,0.38329852735849274,0.055963830199996956,0.555451511191171,-1.178207980267773,0.22311378946059723,0.9743078788652478,1.3771390334063172,0.8054864470101907,-0.22225645858266715,-0.7200392092335002,-0.08593415907490042,-0.12622978152994202,0.7556234956987072,134.12609891992014
0.17685819911651215,1.121867380651579,-0.1411269578812257,0.07464069827822203,-0.8372184218656691,-1.3541503554892036,0.8208379139165211,-0.4489322762230147,-1.1358096485767883,-0.38492820212970535,0.5411198535620754,0.820101713632155,1.1781676196182662,1.053619509540196,-1.111883958813047,1.837497549073008,61.936274524304416
-0.720591094263033,0.6649594984783296,-0.3403272633317648,-0.8893440015566453,0.6222131814352793,-0.6985441400152196,-0.09718855802043097,1.8437987092781059,-0.6145036162054839,-1.344689262241557,-0.8575770337776516,-0.1143926168738939,0.3432641147232497,-0.22729275468303245,2.2525658072818904,-0.8803784021754727,-128.1454102098378
-1.4335791450241242,1.429727964893073,-0.4307550672317416,0.6648646302825257,-0.3944197565336193,-0.3391169364614926,-0.48210301626482055,-1.538816700930593,0.9691075608465418,-0.41977609880592975,-0.10989057963171565,1.0503180681615678,-0.8190086237049328,0.0017508167507729858,0.08356586962406976,0.37553218743372585,37.168695205219066
1.1500927317906355,0.28712358492828477,1.333705181410635,0.686377881063191,0.26467327855752315,0.544348305047286,-0.41798950509234967,-0.28417294660727677,0.019453716936400297,-0.011300943106077974,0.31698725726837657,1.0101669963363897,-0.3701633880651669,-1.3112857673825895,0.5088136598055722,-0.22949766214477835,32.17153564953427
0.026189233967657932,-1.7224576813263792,0.13534637257797816,0.23856959863494068,-0.44490086521183164,-0.3215866141751881,-1.8073277373424108,-0.4529604747987592,-0.9633121665813061,0.7037886508131522,-0.17842706277007936,0.49874866573540366,-0.8467537613356728,-0.76805431264821,-1.3344660069855507,-0.4845461819776968,-65.3315553010427
-1.735890856696313,0.06217419768999751,0.6798208380289434,0.38324064763271015,0.6487065917223563,-0.10715262512080227,0.5418856744876057,0.67369045250851,-1.107987793628047,-0.20454880301994494,0.22969315520128472,1.792965105954927,-1.2187860526515362,0.43658305144239623,-1.6259092023154005,-0.7423961812842367,-42.31845368708157
-0.09005397368266131,0.3375859463266562,1.359835001732548,-1.48002488154272,2.4102822035058473,-1.9458455921355198,0.20343153955798626,-0.8896556536018256,0.10739480237535218,0.3157652552984681,-1.1275222401987877,0.8125774407800349,0.6989216805159181,0.6175422686571109,1.0291075578450726,0.48284416328552593,-67.33006692793217
0.7356881316446219,-0.06764181020515449,0.3114832328226909,1.8057163745305924,0.7080269941945944,2.5912735098794895,-2.0287328447626556,1.3487614219772486,0.4725240908076661,0.9268947553541267,-0.1870161101861337,-0.00021935822578516483,1.0181029304048095,-0.10461703864159277,-0.630767891871379,0.33436825548989896,8.324205399109164
-0.7383146627709514,-0.9271739783120667,1.3171312471092083,-0.4862614234952964,2.3103312570567094,-0.18325474749140677,-1.2537836162252405,-0.28699440119435143,-0.4160392764715045,-0.36566692512092847,-1.0985872158674708,-1.8861054535854265,1.503239975385949,1.4703504417821,-1.9685298869353778,-0.6932102635315115,-134.66524917802744
-1.332568563080398,-1.1828473162032491,-1.3782106242412142,-0.7279381632305906,0.15177793768174164,-0.628724674112905,0.2680722044883394,0.7411784177441713,-0.15678793432448093,1.6434113483650183,0.04794412470395586,0.4614310437142905,-0.6484777617306644,1.7205599832826017,-0.4637618993119605,0.8469940334861886,17.230594996004527
-0.3284797782103348,0.9082864234145124,-0.8081484023180381,-0.9313037025969557,-2.4710287335152077,1.7148176948268865,1.1197837638289556,0.15028711579135587,0.5059873233512001,-1.3761891965210993,0.10359998924276045,0.4464708906290985,0.9309015170385168,-0.9065830739760441,-0.05145202734061372,1.840242832902458,99.36405002983426
-0.7215220417283221,0.2328592513458456,-0.8239663162255484,1.5273502690199376,0.7812531050881457,0.5192993732346944,0.723690180884941,0.1327200105667424,-2.1299289308452334,-0.3365730223277165,-0.3905106691930622,-0.3161002344859773,-0.8031969079607462,-0.22292405813781735,-0.8548041119274448,-0.5400592237350302,-126.82341148490323
1.5676403713577511,-0.9516231414518289,0.788342286971384,1.1414850081922456,-0.8921513914662841,0.41196177174603427,-1.3221981527087625,-0.29762883572937077,1.5293992011911024,-0.6912599154202611,1.346655896485568,-0.12202952195599644,0.09445102268946551,-0.6308877442467583,-0.581844079129326,1.6964017005665557,225.00706030609652
0.39906584331132877,0.5523101419636317,-0.00764017880811178,0.42758499050769067,0.9129044205290622,0.46291644923698677,0.6628710863018232,-0.816229125137023,-0.6672591507352985,0.17592088071849563,0.2411888943250569,2.0366275118700155,-0.6734536237962035,0.44708492703995084,-1.2177887290662053,0.19806679160194088,9.431801091196746
-0.5600734137216117,-0.7498293820770473,-0.170658352184798,0.643447442914229,-1.3310864575219963,0.14170375089947507,-0.8144425548765283,-0.5461401020587481,0.42640828537165976,0.611123124807302,-0.47791337165724757,1.2648352949304122,-1.4902592022797245,-0.16131288133225688,2.0895693518189895,-1.1987162474006285,-66.8543783415788
0.44980211375946355,0.41044234581766037,-1.0560687251880454,-0.5576645642920791,1.0391132854510075,-1.7686353302243323,0.7506149592871363,0.08010136261097628,-1.5746879068696442,-0.19522029228451318,0.976060972471514,0.3381464795237957,-0.6530671355034311,-1.283865489288088,1.7237161323227541,0.5142455949314412,38.10732782003575
1.6097277254972475,0.20769406353951134,-1.1379635544621012,0.27901737025750095,0.9961820968667237,-0.8988554276403651,-0.1277111211911569,-0.10093083284937587,-1.1929837078077754,-0.27604741787244036,-0.7853774430326435,0.8832234076728034,-0.9601057628543315,1.2158932168335173,0.44568110940641165,0.025499287222368276,-114.66207177834309
0.05419112544875124,-0.6973767580346703,0.2502953242150225,0.13702918972713402,-1.3239592786952783,0.35424535516313527,-2.6818170713800913,-1.5148204790678603,0.9120569089967163,0.5465119713148224,-0.7949992269121653,-0.2282206656373241,0.6015351260579525,2.049637627097495,0.37593070111982063,-0.564229805268806,-59.582689014135156
0.02646600255782774,0.19578655102556022,-1.5239263444939652,-2.176866442278217,0.1452825008388763,0.9788382257379741,0.09845505035593538,-0.2389276866476426,0.11780373954744036,2.814704090764727,-0.13756861085562827,0.34870324477820636,-1.1070591920189268,0.9890932742850264,-0.3442916303074088,-0.17457685850797233,-25.246852089689384
1.2511931211390035,-0.8635560756997871,-0.4626955086611505,-0.8134775433203163,-0.4848972542873538,0.7011302405195537,-0.6200908407851545,-0.36032164479865547,0.30470396145940115,1.2838865747702455,-0.26684936282402655,0.33581650096619653,-0.21722210700557631,1.066384349141027,2.612787265118565,0.626287803317266,-6.102240802241658
-0.7927830575871581,-1.0622111264131306,0.945643559796409,1.4235343957917217,0.6079366571019179,0.8404264026871799,-0.2677086005641189,2.14478049818478,-0.2858924371655628,-0.27508876679835415,-0.742194140547408,1.124452198403017,1.1704234108188676,0.9424563981370526,-0.5596401372243154,1.2730746651336398,-34.95904239284156
1.9885509862573043,0.12443098904251064,-1.0767044073463155,-0.8427472494385888,1.017911614524644,-0.5015144628174003,1.7186218347498432,-0.6189093837464046,-0.4364055994786248,1.3573545997593526,-0.13300998397285016,2.546745512780531,0.6230067233778269,0.49942889133039364,-1.499992931852534,-0.5856833261234952,-37.31540874381166
0.2568232148058743,-0.28087990485222375,-1.217530846408364,-0.5018958270824895,-0.2221895185215321,-0.9056788243852989,-1.4925848593621784,0.16952468002290816,-1.7367535283913735,-0.9885544679936862,0.6983216519017321,-1.6428369802913358,2.211056088624505,0.5290572677092966,0.9242969861101857,-1.2304239104657504,-50.2987666694594
0.31895403459116567,-2.304192141327487,0.5936536511000838,0.34197510224919947,-0.7479867869378608,-2.709793733484589,0.6694995040071838,0.034335387732431,0.803245260491077,1.033894493247799,-0.3406194437331654,1.0589606983521387,1.318622194935095,0.7692134145485453,-1.2692878511009758,1.2842059789875542,47.26493269848764
-0.49783685735868466,0.4179224831737558,0.6342657350463206,-0.638488222737857,-0.868995258694371,-0.3961001623103482,1.4419042542743497,0.06501144576052492,0.14538211556154287,1.0549355408287537,-0.024337853492050546,0.22369022555967233,-0.1417369458928767,0.31685147226506544,0.6761365545428636,-0.5177783814712413,-5.983803926727717
-1.4631738203960327,-1.3270571021339617,-0.1145437377997473,-0.8561967081865531,-0.7772638543757263,1.1152777987423548,2.287847860561601,1.65380445469527,1.4940122904431283,-0.27961715524838965,0.30486686102901894,-1.730788403529286,-1.1391077987865323,-0.16321149215928266,-1.234454835102086,1.4715241945047632,139.76250659101177
-0.212912576953285,0.18138509637671224,0.6897670736732212,0.39828205788287824,0.36954102417400797,2.13076476766416,0.29265831324365515,-3.0304109271607875,-2.1090912310088865,-0.2981934161663143,0.3891272604021702,-0.8715229338143914,-0.24390456646747846,-2.016009614708521,0.07344687161518659,-1.306436272444183,-96.63008921586928
0.24187602374964248,1.8395842489489218,-0.3642755307975282,-0.26018170532841994,0.972312800989588,0.3772417344698023,-0.512201070609843,0.060581831032629894,1.36984160857912,1.1936902104032459,1.3795186174929377,0.2196297768729454,-1.5872812529777596,0.9629347069340871,0.7553906530530428,0.03941037688289398,176.62281359330836
-0.7771478764694764,0.265696193456503,-0.6663707598240484,2.4446498471732787,0.8159022866980296,-1.0399291282655354,-1.678220087720112,-0.4030537518357792,-0.8761888972426536,0.1716331500743291,-0.7653776323443018,-0.24504596123258893,-1.0764356660224168,0.06327819215332231,-0.7326535358597926,-0.956509983223201,-134.72696904898945
-1.1875441414874828,-1.0978994396006299,0.1688895826436363,1.730091935257411,-0.9210194255698695,1.12830105178985,-0.6179774475681812,-1.8551444719546288,0.23633451046065618,0.13415809392432712,-1.965469569036848,1.6412534123925748,0.030647350581536125,-2.681106700211147,0.186581734647459,-2.6614088347214255,-262.84985513790053
0.49163660805527437,1.29476100124572,1.0981281373002845,0.27802521399928715,-1.0612127796564659,1.1929018545886947,-0.8651244383959018,-0.2071902532956506,-1.020373715229339,0.7467131810001723,1.5244017770973795,1.2100526162732497,0.8631356547871536,-0.9922323203707503,0.08724595262470491,-0.5541986243199843,76.3198736987574
-0.1121992887686553,0.17753855478719538,1.3302003764506192,2.120975140997772,0.32074870235147407,0.767858654131819,1.1052937844760542,-1.0260806181243982,0.14797482849487062,0.12518468452590817,-0.500624104207988,-0.694526698264489,-0.8286528528160666,-0.4333559836206741,-0.8174495811938323,0.1724684210555941,-49.424242787057054
0.688834248557554,-2.1871253028164563,0.05115439908983868,-0.1286478409700738,-0.8469659809287873,1.4351394637881303,0.7575402474316378,0.23434445832687456,-0.932096272762322,-0.1518732585743431,-0.9437182639639086,0.6701638271053634,-0.7361350074849218,3.483160827171106,-2.440272001479331,-0.21212016192558533,-146.52917240840966
0.21417510202509385,1.3140704841903315,-0.07164965421395593,1.4421856479043513,0.9039035372128879,0.26017597508769713,-1.3354738459572533,0.9689893802054214,1.718381987075401,-0.04957928851437933,-0.4297886475532426,-0.1375409938546552,0.42709309633843073,0.045886464795950564,0.6319796183063777,-0.13186033352383608,24.929901649690965
0.11696913295045337,-0.5958014535042746,-1.1786605459818096,-0.6512740448922184,0.1753221470644422,-0.057955948779641664,0.66704972586163,-0.5746698290090353,0.5609071912487106,1.6333245330490815,0.31952296548964126,-0.5460762482261335,0.5109652396347552,0.43243457628946996,-0.1448364460162399,-0.2895122561285806,43.778543653050015
-0.7417690899118554,1.3928219360128276,-0.4950581449926247,-0.8613005985249809,-1.5086424857777976,0.4392222152922141,-0.037858565734339066,-0.8171672779440383,-0.6846149584108883,0.17331944193471074,-1.2651807363993675,-0.7788150417856747,-0.3396870330104352,1.2777362276674933,1.0166498632005274,-0.4038406651350801,-148.91112073063152
-0.7841855522080117,0.35399202784950407,-1.4548057456141674,0.16587578328308772,0.03506104256950592,1.1605928150790827,-2.6312202953788106,-0.2797631795036962,0.23389213316225294,0.4585802596996744,0.5295169188891127,0.21103659937670696,0.19963694901936102,1.0513368447794438,2.424956287185402,-0.319946416983821,45.55509487566031
0.9051310883779498,-0.028995444261194894,-0.44204989089013424,1.6787790820334108,-1.805338939639534,-0.2142272720887665,-0.921373644468005,1.8175480445361272,0.15842940996071145,-1.0604373916564684,-2.922481321539986,0.4215063898114094,0.43759656708581074,0.7721183507806337,-1.7785292704241857,-0.12903028074173317,-257.5432084790845
-0.610157090310569,-0.6967693808213246,-0.15202177019738328,-0.5989623895384272,0.08603533900525531,-0.8627194958025732,0.21604680508404575,-1.99911127366679,0.011155873521301748,0.4990614840972326,-0.20306209560536195,-0.1840903288335007,-1.2595688956221427,1.0101886328841052,2.149792549205452,0.2993897033114707,-5.38348422748727
-0.16129681614315708,-0.41485432723313936,0.597605191891261,-0.7197215513429548,-1.0824270779319027,0.44818040486044186,0.2560375970108185,0.3328178222389959,-1.1185791847095101,1.2267013151103243,1.6345682436570317,-0.7429080833130033,0.026082179240825745,1.191303944685802,0.6718699069471472,-1.139478087241259,61.528074281854174
-0.49251103116747724,-1.921616656589228,-0.2983289941753056,0.18260327002969506,-1.6290211351577337,0.3130673956494519,0.986329998688527,-0.40713780974837194,0.01623071653520044,0.24943376583554128,-1.8631018423734866,-0.7015449971133293,-0.45145603121828826,0.7180279587937013,-0.34262295610164334,0.4821879628540248,-144.12308960433424
0.39223023579580907,-2.3194194533281625,0.9433219021118826,0.25101839974872864,0.32773920230182557,-0.37179351291515855,0.014870286965855493,-0.4886863298168328,-0.5495484256354551,-0.44656127942386425,0.3500588093687845,-0.7360765940026625,-0.19381183938613208,0.047061388972153985,-0.0367899851395235,1.3542956499358878,54.9966493722919
0.5301474685630584,-0.3875408833436451,-0.7294517485770353,0.7112133265212768,0.9640457971469221,2.6535537307112316,0.8103292764144384,-1.3216666463906188,0.08831680828324442,-0.25763168224277877,0.6967013371001771,-0.9891388695982809,-0.0954648167380524,1.4773845906406764,-1.0100787603488883,-1.9310325095954506,-1.2927123971602539
0.33532635935569954,0.8603605906810738,-1.2298630849099383,1.1305644151340077,-0.7748145089588783,0.8605904001503284,0.1496030758026561,1.0731499024550295,0.8735510105829005,1.5002721306762181,0.4867254670030642,0.7208830132681089,-0.05994170243814624,-0.9596898094014478,0.81007390617887,-1.293161362939961,27.857474830804524
-0.34334976336624523,-1.3337641287900772,-0.5298243572628842,-0.8887421274542304,-0.7869419086006891,0.8863993134184391,-0.4717882304181211,-0.05463736948708145,-0.3447049711440196,0.7933546428317133,-1.4951214886205622,-2.584693810021985,-0.8245744077825162,0.3381890468152498,0.41094120840719933,0.8392869656823221,-114.93522674618934
-0.4015085024835399,-0.1614061081241265,0.3282018776901641,-2.1129658933452182,0.6292628428818401,-0.656380815082099,-0.8368962344245879,-1.5347777613062412,0.32210664257705207,0.5076547651619789,2.1030690576137276,-0.3038182683609178,0.9241355241412648,0.10597297502665412,0.5037108674384513,-1.042896883030409,162.28381572704626
-0.6610344373558794,-0.6672459765190119,0.674902541834361,0.328424576421082,-0.719030444457616,-0.5117722965147631,-1.061608790253647,0.2891687067406421,-0.49335226453336245,1.6385166431234814,0.7342422193952919,1.8029591002774707,1.557740670714234,-1.0265050694740019,2.2106803068439382,1.953599469194778,112.09025005082266
1.8006249777415175,-1.5632279938081721,0.6206936263318142,0.03460463548213563,-0.3959975076528798,0.896408348272646,0.7961103199677368,-0.3783894191950886,-0.17777661109743412,2.285049984965533,0.8494965202347599,0.20694109093537444,0.45711747098493305,1.1007981484776834,2.2655162408783065,-0.46317417649461223,40.61272393113053
-0.4626389334007592,1.1338802340405416,-0.8826881275778422,-0.3783301806450175,-1.957514791149148,0.9742901460056447,-0.45699172298877877,0.1370241941433191,-0.2861263174485417,-0.99303662225746,0.5645683759543342,-0.18943868968528146,0.08252965264826512,0.30593935689414375,0.3614244073983581,1.101225614589762,78.62404672809447
1.2800675396594077,-0.30082108600679125,0.6127618274163235,-0.5059114136437076,0.8575262327812572,1.2451374494640222,-1.4365457646748154,-1.434066323981915,-0.650778962491955,-0.13001660194674086,-0.8684907446585076,0.49620036069034495,-0.8880356478207305,-0.1064818230996192,-0.4416348755190446,1.9894690792488208,-31.96582448652605
0.6468318725225669,-0.9914214279068722,1.206139362976518,0.8744584544620868,-1.584340953187868,-0.884130191464409,-1.7802432827778458,-0.2706546340588108,0.39318697566679206,-0.6985055131777836,-0.7109535384631348,0.3753220894761929,-0.19038649831387822,0.37298043956093896,0.35698572971363346,-1.292517467428739,-95.48515771181647
-0.26763565726399624,0.26404540293569273,0.5681595327753446,0.18536908483267756,-0.7859102155954404,0.08780741426575822,0.8549391527036327,0.2655204702538614,0.046189943946240215,0.22326118844007398,-0.3158450300629689,2.110932292233586,-0.7679616998656595,0.3064792244808016,1.0326127394057163,-2.0822102533464673,-98.31535135016381
-0.49659051057445036,-1.266669777422865,-0.1816868903440219,1.0899595496949341,-0.7633261497415403,-0.9493112923264797,0.5663138843749119,2.4303279383793623,-0.593437054936015,-0.2116752752821253,-2.5373518419706955,-1.8371095245855042,0.3183928346831517,-0.52878247995441,0.15710656595668837,-0.732798047967334,-271.95310113090324
-0.053882249153325144,0.42271428062955463,0.6101196937712928,-1.2606798413685125,0.10822625834252578,0.830458962185744,-1.1780466657158006,-1.5907029121661003,0.20804742980613766,0.4948502434876239,1.1313874862916162,-0.9982483672741118,-1.7348289836774649,-0.3252531832453246,0.1605689923703772,0.4716619458573083,115.43838532517783
1.3122984146783157,0.06501544534762983,1.7912586199588902,-1.4734801335362298,-0.19516838542210518,-1.4033305012488075,-0.9490884124522925,0.5828529975106436,1.4240877695676446,0.6645767557121585,-0.7409769094495556,-0.6582435485761624,-1.3239173088367544,1.4763018525309377,-0.7947153698874734,-2.2163887883318467,-97.84370141295742
-0.14234405475561032,-0.20524901280929614,0.14037210033505282,-0.21622040833548128,0.2032127900792672,0.08057195706052493,-0.5218398447729605,0.9714560226095879,-1.1199511929586408,0.8645715531511955,0.26455652519483597,-0.44211677210872125,0.03498641970812795,-0.1813369642562719,-0.9695935949669562,-1.0595656305982766,-59.66421940051124
1.392555356410689,0.03778262643838156,-0.06692404596386611,1.933782546485872,0.466676528093611,-0.04066804602498377,-0.05299374451099871,-0.5393205249029371,-0.9573126927490219,0.19480303524017994,0.3915083477083051,0.09467014604743565,0.8439459101109184,-0.9431930490106959,1.2878274764864799,-0.4222715141221253,-23.496610646400338
0.42862167880640256,0.6380380929415795,0.5471138031220122,-0.5802175596134868,-0.3947150818120511,-0.46311537992946317,0.7575964712131573,0.010984396553912602,-1.598637946323814,-1.4510043279181892,-1.5216647651682094,-0.4753288664472219,0.4336871416311249,0.45665883631637116,0.21075458174405134,0.6993379782703557,-168.60725559368734
0.06441195120030814,1.0962103775248735,-1.2530252463080762,-0.9890044963105468,0.969053433744372,-1.2272772879970784,-1.1970635444465596,1.7612700510639236,-1.784070613812304,-1.6965924597956836,-0.05708131017545727,-0.6840281689917667,0.3923888245971887,-0.6506280060806848,0.5121342630032181,0.18065629414904127,-52.81909908015697
-0.24678308395976328,0.7648857215005234,0.9057089627059907,0.4058594315884801,0.2833102619695461,-0.26113996154031466,-1.1306160168298576,-1.0125382797845257,0.6378947332775087,0.33359572075318017,-0.6556919221293231,0.8249680111018745,1.1212267526124748,-0.7624465335574202,0.1895826883667509,-0.3360146908743844,-52.58442240677081
1.1690615841754644,-0.5620545298141939,1.4443523222299877,2.0912483870533793,-0.752115199894005,0.15213067997634763,-0.25970788156495844,0.03799472470230941,-0.7831244990647387,0.048472444205829766,-1.0938507986039234,0.6317057537756713,-0.6502477074529953,0.301787991882218,-1.0881995862502067,-0.8646382973051936,-151.21260119349176
0.8723035415508779,-0.060695055033812825,-0.06989453494124274,-0.04956975526699745,1.925023505553677,0.13247144118347726,0.4912179274004347,-2.5042108236955474,-0.4903342583461128,0.7620080459635505,0.4895713171070918,0.6262444347911403,-0.12368426666997018,-0.5770934731354718,0.5543234838236509,1.6975578085292529,73.8242571486142
0.43866068563783256,-0.7902639219191356,1.3733797321783159,0.5376251652015197,0.869239784973533,0.39457209833065354,-0.44998759994451387,0.6542438090555476,-3.140626922286407,-1.9691446008375884,0.8645196383570536,0.36537631013929756,-0.02470576553913626,0.02419683639405718,0.3113151391416309,-0.3739140631773713,-59.85418014535342
0.44497868468269997,1.211290316279693,0.3627784271585382,0.6805908083805436,-0.7531920228320108,-1.3742026612845675,1.472430630600315,-0.2679685543145823,0.9644463682821829,-1.2947553246069332,-0.4067887586345313,0.8767078788200169,0.9986756542020743,-1.7535965402495235,1.3055755388453578,-1.2252638330320962,-26.53524584637785
-0.24244964400702593,0.9522652441631845,0.2540496809637805,-0.4447732572630629,0.5240046221892993,1.5625872780320216,0.536981300343483,-1.036463411395283,0.32060293950632296,-0.82558501613556,0.5937404863352509,0.38036439105347375,0.7769778314298887,0.7935287181883937,0.46940555075951407,0.8035820691692694,96.885485877417
-0.4789957649556261,0.9743043084413118,-0.4513526730479739,-1.088504834663213,-0.09253485095268373,2.0127763187980015,0.1903163358330628,-0.23597688594191848,0.009938453140030428,0.10312093481694685,0.04571627775618886,-1.480985157040099,0.09653321405790767,0.8195037039193008,1.7209158713605268,0.5340279960047567,18.7435525154046
0.21788196088722442,0.9829689993170831,-0.7831993134489439,-0.8582299942106014,0.1774799045276478,0.10115889114110944,-1.195373126410314,0.8772151664655824,-1.9115645163119404,1.0191910038463683,-0.15422893556664968,1.253025627295436,1.0326025703468007,-0.6437039219715772,1.4184197049027174,0.13254253752496584,-78.62839325052445
-0.9585253868397908,1.4483408243820945,1.5325043980210253,0.06580942985489284,1.3487234727430604,1.2418448948221947,-0.6469686137508581,0.0767286486737648,0.7256218344850298,1.010239451505594,-0.2719537558026077,0.9322045778136877,1.1918682958259863,-0.07107949950378928,0.8176811110253688,0.9997267271659462,38.990666316251826
-0.07866026730776526,-0.2745560791842231,-0.6898595255016836,-0.4505835542098132,-2.6741398293297634,-0.7952983164872802,-0.668531910601552,-0.12486135220351903,0.8218130212351157,-0.0491366693269904,0.6314024081889366,-0.19359975202638105,0.4165469800661749,-1.035112462894869,-0.9990312912332318,-0.8076775518560488,66.91028776220315
0.9032680161537452,-0.8677085550815312,-0.8682298700314274,-1.043716987111793,-0.2578622580505212,0.5248145775271181,-0.18570652070650714,0.016738715788198705,-0.2949311484264732,-1.030236277497806,1.6333088596283711,-0.37939868051503295,0.8593541580915981,-1.6141027503100371,-1.0238767055068552,-1.6694275502252636,71.7050095832819
1.1240928650975606,0.11015562377413321,0.5276549493467814,0.8213563445340991,-0.7652677974659295,-0.12079737067986367,-0.5057902543945285,-0.14614010587784415,-1.31083390915596,-0.5774790989244186,0.4846984621670618,1.0019356575363587,1.5291496548331038,1.2654292987026015,0.6056579894278391,-0.3941047916060945,-20.4162990489394
-0.4194060379233158,0.7623065933388866,0.18943051713152723,0.3408210378409911,0.9699425087625134,0.3883242007948081,-0.6026924373248688,-0.47676698311911925,0.9248874832712861,0.007576850490521156,1.020100601932774,0.20152614331672,-0.29275190699395925,0.04878757633544874,0.2768962588637233,-2.696658274338862,37.859742498123765
0.26259099286280924,-0.6283471500533372,-2.008890822650907,0.004593373371868903,-0.06050520018119508,-0.38414129661481866,0.598526732290292,-0.021853682357816807,-0.3298953554598365,-1.3628167562459235,0.34242604059564463,0.6129496843640546,0.7112272289180145,-0.21059061496290987,0.08001075688883248,0.7316129661717717,48.74541748246106
-0.19540539980952398,-0.38418489549346097,0.4451095901957944,-0.587458926324078,-1.4432860230873996,-0.4533502078173954,-1.2680234854017116,-1.4672955616683716,0.14666407722952837,-0.6278258891288573,0.8328678670537707,2.38204299969327,0.43337695035493834,0.5516598460506013,0.4952090933616833,-2.555137814005239,-10.729676034622676
-0.7035925743935987,-0.4333037990413586,0.29939009859014937,-0.5231646879688284,0.9418429000374532,-1.0753005707417183,1.2798361381466374,-2.7610915821150845,0.20781701612266149,-0.8104751346151763,0.15082334469623146,-0.9274448660187232,0.1803748298472785,-0.7238846559401493,-1.7152154114862,-0.28445439745388174,14.507856585917146
0.7536887013404,0.31593668340769343,-1.0988046934494111,0.6203352935668598,0.8706735864220828,2.7432350126355862,0.9565619151369893,-0.8974745120067709,-1.1006171652605783,0.7024916679174622,0.1414878457116154,-0.7170895319000451,-0.3676612666712432,2.217351904535649,0.28679597973292253,-0.004468505996048691,-33.32810255023852
0.02677941743734146,1.7464016950343326,-1.546405246537562,-0.08296640009279695,-1.0228035310120347,-0.5678615864954828,1.466220894320867,-0.13388761946221975,0.17567697802632903,0.1222810360216646,-1.6746655286495236,-0.377924704477342,-0.8770580188066165,0.46369184201037783,1.4266276181844861,-0.6397660727706581,-166.46856834742042
-0.9731889116012628,-0.6422607302314569,1.2888385328382992,0.7903917560166449,0.10797935051157405,-0.11734304492392193,1.1047858265789245,-0.5523387919518831,0.6140101293985117,1.3381878928102928,-0.0335166309492846,-0.14620513686539044,0.8666770163767655,1.340402567837432,-0.07571583282431331,1.5820080864605004,75.40631929521261
0.37188955422606046,-0.9953671246797348,-0.38767740243036436,-0.0537982082693945,-0.7864164534782906,0.32136582153742654,-0.0021108927626718385,0.4177704670028259,1.4028974173070374,0.6975732568756209,0.9427812467594683,-1.5814968687120556,-1.9194160230549002,0.7669963039270592,-0.2575142797321694,-0.6864787298296089,103.21077308318529
0.024566031322644486,-0.5472826976611019,-1.0155134369913903,-0.8396929109882726,-0.9218989864604231,1.432694716885482,-1.0521488534597614,-0.3516030470489001,2.3158186720846383,0.13422467731106627,1.1228341201579584,0.20876467273227295,0.23947500938918953,-0.5838503034712624,0.21553197584594488,0.8194813341261424,207.5421071410537
-0.33814408408329655,-0.4589544879853424,0.35039073163387974,-0.13356211130090453,0.5702384270037038,1.2239441919079672,0.02593935046365309,1.371311478490961,0.16872778054567902,1.3184952265783432,-0.9920804574651295,0.8458767920801197,1.426410690977504,-0.754780412060861,-1.6732178967088898,-0.6897550187540396,-85.76167561432197
0.04972305968373518,-0.5111069818508178,-0.27087819590967976,0.049178875392904914,-1.0523217585615872,-0.4334905640097926,0.5624740325842266,1.167783455333448,1.1779867918085507,-1.4071011163581528,1.077758823837145,-1.2249975969556965,0.3002337450569158,-0.738425659567157,0.45968030067049337,-1.4655711629382653,88.32408311186447
-0.3704504403548717,-0.25598161400360436,-1.5772935063617533,-0.15162078161323297,0.2629334918527561,0.2813923012509771,-1.6882363577366242,-0.7966615817276741,1.10391461494665,-0.5893057065768725,-2.867037774486381,-0.680129481296531,0.4924503241455756,0.5385637483634667,2.228251982444693,-0.12643759484375383,-200.66379015847528
1.170978288897475,-0.11866721890908959,1.9978560871914204,-0.17123932548921866,-1.3735406753050037,-2.6023846551938936,0.6489377439287526,-0.629917874756886,-1.2073412424416214,-1.5263533226622314,-2.2150623987873557,-1.0595779706512667,0.9208586359894707,0.4417456670606413,0.1260674649171126,-0.20057028362772739,-232.68179325173094
-0.07992107598206996,-0.2052928587464242,1.3954392997370144,-0.8575532473748209,0.7165981534932234,-0.8617172724421247,-0.4192916576567275,0.5709415068161714,-0.7667600658167062,0.3755561939196387,-1.2177488585849168,1.436838860154314,0.5696400358286671,0.17563209253195228,0.05340124618782477,1.5089440435342392,-78.40185464694245
-0.20859681950537257,0.16879945078961792,0.3406191487272571,-0.9707770046965831,1.3882800065843854,0.31099979995352134,0.03568663821591376,0.17316369391566802,1.5887268501010747,0.8019994243581048,-1.7161026656819216,-0.7498345832367057,0.2649362180368171,-0.16797819869693892,0.4671673601700942,-0.9416744321407186,-114.09204239561579
0.9953074741321172,-0.20103831625228746,-0.15527357899720723,1.226139946863058,-0.16939769957196044,0.3246139102652668,-0.13771387844525554,-0.4351190611499744,-0.27627254954889524,-0.5487232464495887,-2.1791536069166124,-0.38782852623915304,0.680094174689535,-0.22732129370277168,-1.2578892028346436,1.1747208218247667,-166.74096809311843
0.6853349835017544,0.421084490038947,0.057007367621812154,-0.5615826002903972,1.4323117507053935,0.6492028009533384,-1.8208411580217976,-0.4417089882766798,-0.9077092891007348,0.40754896229337323,-1.7332781382352345,-0.5927968357481215,0.9926140975661852,0.22252607700999583,0.17944381369523954,0.4556146491062598,-146.78903078194116
0.3890100018443338,1.030282687437646,0.3527541938664366,-1.0417013594166864,1.7428332402251598,0.05357090453407679,1.2462821768241834,0.24104764942223428,1.0992699083094457,-0.6527019757269976,0.5054894982552529,-1.229993167104355,1.5692101182713172,2.2557140907496214,0.03524656004541293,-1.5459614260207188,33.208470644865635
-0.23593462372284602,-0.9912360602888014,-0.8251128250505579,0.815466875789332,0.6942026282545746,3.0621357132511777,-0.8978144288377105,-1.4633587564453239,-2.593875250806803,0.4970683859377377,0.5652594773075326,-0.3137546203723649,-1.5576727189107733,-0.16444237499764258,0.8061024276575492,2.0886305507925846,9.734600672326188
0.07509067618237115,-0.6292773940948942,-0.9738367008285362,0.383036370036517,-0.11402905936447297,-0.49036599801532477,-2.149692650210801,0.2546800249875797,0.17113049590081925,0.16455990312860624,1.2152299935631676,-1.5434052037772865,0.2973588785223982,1.2194047558822436,-0.8693150836297208,1.5878374312454362,178.72192073681637
0.3024875957108013,-0.4018152688519813,0.597160624904194,-0.3818549256151128,0.7356437525984868,-0.3758447219627216,0.3709918923382846,-0.5393499893126499,-0.7839151221485606,0.6310626590245252,-0.5988038736943092,-1.3538273602562272,-0.17278149939664167,1.4824580724318372,0.06600686059088176,-0.24564129663077833,-94.55099343038623
-0.4718572794864923,0.5939623773826019,0.3297209412576072,-0.9850218265270722,-1.9236260414868194,-0.48909918455388235,1.7464482322268862,1.5778546287355975,-0.2554646786432756,-0.9107327715434518,-0.28454592325028305,0.28115100977830876,-0.3725591238299285,0.630261734656626,-0.21375986627779192,1.3640691583982287,31.301538061047637
1.5140873311311343,0.3213657087392169,-0.43047728528786977,-1.3092761549154541,0.39982818297548256,-0.2787837896909068,-0.5113511932124779,-1.2842635882097353,-0.220876645330731,-1.1673920704212268,-2.2671440442853235,-0.9235985717256643,0.7604764132013906,0.8389504915429868,0.22763660336234673,-1.0701689368601879,-243.55778530032174
1.0548939462349574,1.5153987906645452,-0.16305170662314836,0.05358726343110361,0.19907072932737366,-0.3564069984175485,-0.09492908930664637,1.5816963875432262,-1.068760951153529,0.8444123460616585,-0.5813150313739588,0.9650069546980907,-1.0301880585414025,1.0103888431898322,1.9867518012410497,-0.4591204058023982,-118.09522760517652
0.3373391618316505,-0.9633874554677314,0.26426284108769316,-0.21390774091275008,0.8396537102329035,-0.6905347525734077,0.6778320926136552,1.363297425500583,-0.09563352322374585,0.6507217042480867,-0.7510364976890612,1.2802586445495563,-0.1867006183430151,-1.6672950056553242,-2.001480940505064,1.2996107852101864,-20.71721309603395
-0.8762191432127392,0.4189566296069505,0.224331545844476,1.5406911096691218,-1.6356423086144714,0.6436797806824686,0.5507261211184047,0.3029156179748197,0.6914678791584941,-1.1423454979835646,-0.3229854096103054,0.5181259854574862,-1.367755722801951,0.0926286587757943,0.6230629778976561,0.9241432438143121,25.169403126965946
1.026805336942574,0.6265038871617533,0.6887806611202305,-1.4887453172436955,0.09139019997659066,1.6146001992693844,0.390517029772765,0.8857655176458636,-0.21130171932312652,-2.1683993115125153,-1.1055700534860586,0.6488001358057521,-0.30863685406852154,-0.06362173733725074,0.06274765692800814,-1.1913619037607561,-140.50082632058403
-3.6718582679007103,0.2218214568529644,0.4710718611855312,-0.6730874157789407,1.551771477734791,-0.613472271292495,-0.279311659438338,-2.0787432337600267,-0.051861532052552194,-0.6361467998053635,-0.06332188347627173,0.9043995887662133,0.20266583544480887,-0.2529075874647454,0.7833719663859817,1.336266362901855,36.64193812794155
-0.8207677632274156,-0.04004926281801296,1.180189237327693,3.1105525138388748,-0.0050742911041856,-0.6276715757288565,-0.1961101265537238,-0.2949594636313063,1.031818477066973,-1.4850006398026907,-0.19852079297887978,-0.44860820856578126,0.5522954545676806,0.4674872625334947,1.586637792872922,-1.3347972377411366,-6.714472181134617
-0.027517637187921804,0.00606425901753094,1.0703810545270662,0.25268158874553687,-2.362234101363212,0.39333524139166876,0.054285276566081175,-0.43851650315548263,-0.5326122695020312,-0.7342065934642604,1.559481492304167,0.29157701518750356,0.34596347466780347,0.029407910014927787,-0.7826311190674586,-1.181564471485066,65.70846623367383
-1.0863676708521937,0.7507472483960498,0.8353512019336845,-1.2620215635555505,-0.9798996323188627,0.02715982574246764,-0.9495953664239914,0.32150713683566534,1.2777408303787166,0.5632224562618551,-0.6959467666357982,-0.5014040839752988,-0.5153639371575854,-0.8426125947007332,1.8179488306507159,-1.9019403580188392,-79.59085319752053
-0.29594539706198353,-1.1407994249784652,0.11225547315357505,0.08073640964423602,-1.4481619341684624,0.1946225775788556,0.4164780249700838,0.8745852522713942,0.6087020439811403,0.9421334582619058,-1.8293230251385233,-0.41915582084933545,-1.1098947459137607,-0.13553550519035995,0.6261521220240339,-0.007072443755148432,-131.50641102799383
0.345811949992905,0.8115766039148098,0.22025860195268854,0.06423939424590976,0.5812845381122143,-0.5058076921160127,-0.163631488237077,-1.2865631191219202,-0.46774336963390645,0.23693525071136354,-0.33983616461240207,-1.0346482045783179,1.4837260664042449,-0.6694605905205787,-0.5615473037637616,-0.7591404471307782,-59.77443022966027
2.8933223507944845,-0.5154407498531215,0.18545883043698766,-1.3892492648550714,-0.35426955316808667,0.26374997495344527,0.6138000181051179,-1.6910142715719692,1.5820670224881275,0.5391111673222413,0.6809881849743566,0.278035463387156,0.7503247612471583,0.666605880735848,-1.039443463815227,-0.45786224556360083,108.48286357722874
1.8166754743800917,0.3322990852715458,0.7445818422323709,-0.009373517293424114,1.9082811378686693,-0.8859212906766665,0.0007693857913461584,1.0392686806842957,0.2679399699295727,0.6700342632538497,-0.07315445664821382,0.9880554894535802,-0.24473487906414884,0.6945091569419448,-0.439110902502247,-1.3154002181874027,-45.63120109641299
-2.0873416686022566,0.6049754485959504,0.1604696840865995,-0.05321150604380261,0.49830848899737734,-2.056836863736365,0.45377628225159994,1.4362379291894474,-0.8199943680239946,1.1283351561624217,-0.47848121851899794,-1.1570971482360328,-0.6282500904915583,0.03738736627417108,-1.0753412052447615,0.007380764844741279,-68.73434758773708
1.5277917646558365,0.16876431677318118,1.3347665518985938,0.03339580403923711,2.4011865620570028,-0.5520111026450818,0.005432009219561116,-0.42730571078042706,0.8528259090424161,2.1229697449443194,-0.19477520181155153,-0.5991645634104109,0.43615973526869983,0.20032774875827478,0.2066997812729657,-0.4166609906740366,20.866817729902436
-0.4745966571757132,-0.8645677259628354,0.7738420704778147,-0.12746422958872117,-0.3831307596691834,1.0642572014356888,0.882398692597487,-1.5397786051659978,-1.5147074336674158,-1.242258493941408,-0.5837883973868464,1.740590440488111,-0.8358580846077505,-0.9997515030791734,1.1412480757712942,0.06107397330192992,-105.56147652978069
0.24000673757953664,-0.5565959257220352,-0.42582258942770196,0.5760944279400657,-0.5948103879495749,-0.9302137202787861,0.022014382372415202,-0.7348350793686967,1.0727353273127505,1.0316661019967075,0.5324437888308828,0.49338197807124173,0.1344563127479813,0.6265878686944347,0.6381904588636805,-0.18012898784873896,84.43605372407669
-1.288826434339122,-0.35126524070432164,0.42161514549710144,-0.9964190148648487,-0.6360369751807569,0.09180491238442122,1.1677145560452362,0.020365749499916465,-0.8710415661106725,-1.2883168719211966,-0.37493759756396516,2.1639069609432373,-0.6394846582664543,0.4435403754379108,0.25540045908724823,0.9484710497511271,-16.00448095714963
-0.17639329099028506,-1.677396560800294,1.7706224420554613,-0.21358304700015018,-0.22205588032648116,-0.4107972523668258,0.5558218923023185,-0.7843179202964733,0.650877245722168,-0.39070685917074716,-1.6504031054516453,-0.36498685100934397,1.337083539302318,2.0507329088432327,-1.4997634038300414,0.7385376218768064,-92.58063108533575
-0.12304127849548128,1.00684658599073,0.7006594423545187,-1.238101688603239,0.3307721010134127,-0.6444192713786896,-0.9858428746418376,0.248458219872369,-0.5498407819548096,1.0398317097995744,0.0010804115491035438,-1.052241587309913,1.5660392657606588,0.733119468390629,-0.8120537809350213,-0.868880650559663,-56.53554087764278
0.3480485817925684,1.5157847249627816,0.6590510219402363,0.4337575598939098,-1.381015862017718,0.8304651770826399,-0.049652416891247324,-3.2842253659227922,0.16786996631632944,0.22740376399948828,-1.2805876440131636,0.11806590093517061,0.9214285548806651,-0.2696341315898844,-1.415565915369937,-0.5988695326139003,-126.52054306073579
1.1425568799287773,-0.9413990936991196,-0.7187484344296996,-0.4346064653225474,-0.03899859904538462,1.5629577206310155,-1.0572264053312816,1.2889424533399245,0.413924281244962,0.2954689210244852,0.3338109150049975,-0.8930875179093684,0.03045728984266999,-1.2853157336451906,0.5895857988915397,-1.043571693713463,17.218698297409652
1.6655873316466592,-0.8803629619890075,-0.35997131941229055,-0.5755412907282887,-1.0801903437825486,0.5331356032261579,0.8404100725052455,0.6502439618529348,-1.5724286214276397,0.09145922007045133,0.8958327650443766,1.2582595904727816,1.163676588008889,0.8200242483574133,-0.21123333001029349,-2.1159970448543195,-52.01096474448046
0.13588167010373214,-0.5267585435992993,-0.708755529013044,0.5044372252127907,-1.5230901267467671,1.5778148089480677,1.4130650295892542,0.6644266767381131,0.15533314479763166,-0.42839794745262333,0.16643260781918254,-1.0244269494669596,-1.1280296891459873,0.47840570111700004,-0.9127019547592283,3.0491436455416925,129.55083731572938
-0.3670118989418853,-1.7646826663119446,0.04980865815195933,0.1800636639537099,-1.3059007423612616,-0.22618472999420455,0.9722386676576221,0.9738008553857399,0.5476194062212046,0.42628712692317255,-1.8038537064989648,-1.5688410009720315,-0.7122034597486436,-2.3324967094528914,0.27125211720379844,0.6205758493757245,-106.29799975506772
-0.6994160003054115,0.5563513173080732,1.0348388010632024,0.5683273313279986,-0.2922346810782658,0.003940863043166559,-0.07779325543401117,-0.8364288724128391,-0.8095885948055834,-0.17517462633430975,0.5733272047872534,-0.6928706194899179,0.07055588823295787,0.8332300562086565,-0.921444469283005,1.0128271750197981,53.31654069590107
0.05523497223886401,0.041699530704591814,1.2470105272827994,1.089027226953045,-0.5792159367512226,0.23331341679319265,-0.5192754345869199,0.7347510191722009,-1.2717661430531988,0.3082340306821,1.133218323023645,-0.38985398792082826,0.388501003809199,0.11897201348662086,2.161254205759441,-0.015482051920860438,30.47791443382527
-0.5315005711305036,0.6930522762935132,1.3136857859221795,-1.0088288975772817,0.7268853276816383,-0.9356142476743771,-1.7154340431185775,1.2042586733356155,0.9164955394463965,-0.1981113692939874,-0.015314206194849132,-0.30109519566984794,-1.445511264891405,-2.449787989728697,-0.396433639690105,-0.27898204470363547,25.740343525069207
2.0264626591311226,0.9753587900578823,0.13699260891780657,0.7633372581147011,1.8382154129214743,0.8196447518263092,0.7844726098447308,0.9143101917757169,-1.135893153990447,-0.5735638362603013,-0.57646176602187,-0.6910901266434266,0.8051200607520069,0.8890574599601009,0.16016435733642362,-0.27395256696152415,-96.10889283379335
-0.20249195693216177,-0.2839945359323931,0.6119790834480073,0.34590164754031866,-0.9223698174681809,-1.1928831830871078,-3.286559743573603,-1.61824932135612,0.9323824476889409,-1.547713151967488,0.2592921355603112,-0.08210819477492706,-0.38805696018914715,0.642027495766292,-0.6547464757193578,0.06940306666453694,63.34374292639015
0.3573961004724379,0.40515877637662817,1.170231093642407,-0.7202495355508932,-0.20020714086660898,0.011664510994904573,0.09693565294096039,-0.020878011623990524,-0.8579450067935451,0.06676120839515734,-1.1630627339799617,1.0257752742914525,0.34802351780932095,0.08826684124145931,-0.9702647363913188,0.20134002828167008,-137.01839743406995
1.8517339260755787,-0.3056779801698732,-2.1428070848597818,-0.08933719073685865,-2.1166631244762133,-1.200432871833384,-0.22041718062662896,0.9351733219099343,-1.039523536068026,1.3707320134879482,0.9691747789346298,0.579162860033278,-0.8503111882103582,-0.887510188887279,-1.5129932371972064,-0.30006476947920363,35.28726415376982
0.5901501612375664,0.2039615639376629,0.8651618536947864,0.3005480683004848,-1.2181695949233522,0.3335394948891243,-0.4942842261433556,0.9185320852664896,-0.5360784878000651,0.4642048297803895,-0.5640566992388484,2.194609649815101,0.7809692699108465,-3.012765463420538e-05,0.1442965349522964,0.4241972472040669,-58.99469125165688
-0.8429066405014084,-0.9562835607359891,-0.4671283345788234,0.521144805369933,1.4919537947786534,0.0594197887818539,-0.7100968296408622,-0.3857241942208226,-2.5787599182573677,-0.8495433524980338,-0.33332004858105097,-0.7608775957297321,1.180218943129548,0.5873368098761355,-0.13154584488559384,1.5970971013869655,-87.66483202916247
-0.13823562848282098,-0.8998226299033718,-1.6145246095388304,0.36694845951191885,-2.455849596672006,1.4544065772877852,-0.8428641155990411,0.06598197339846919,0.28955134735590277,0.33344893189515384,0.23011999883020942,-0.781219072132173,-0.20690011094645755,-0.06968845827975495,-0.8488585707316665,0.09734609308742181,39.92857886507824
-2.083428001538155,-1.3468664233226093,0.9835605910356099,-0.8249719071496284,0.5589134844470909,-1.2655365794184206,-0.4645561218713238,-0.1966121766866903,-0.44840181377582705,0.2742999420890077,-0.6619167569498218,-0.8523316389697336,-0.6313751255876621,-0.7679478373987222,1.4446318896293509,1.4465284635801268,-8.873313973097973
-1.8219938699195541,0.6484695915815463,0.4193001644796554,1.0545323383883813,1.5685061619793255,-0.14432394417533384,1.4238614383544226,-0.6924797934851072,-2.1639678481897326,-2.691564163593093,0.6471492626001386,0.43232201321354746,-0.7288602889191118,-1.0175684831163518,0.235808527184899,1.2270596403804404,22.897996771554794
-1.0529687171101645,-0.7215858223879037,-0.689317370490735,-1.1635721756763047,1.9796573970873657,1.586863333089658,-0.5721132013945195,1.2242329240108538,-0.910096173095637,-0.5961123168628836,-1.9950336861244946,0.7098731214353142,1.5533581108600139,0.5724648769481026,-0.15137418468933705,0.9101797385275026,-173.16880141882115
0.12922491593886012,-1.099149916189209,-0.1897828585255504,1.4425482921038346,-0.4622068940076775,-0.35148003199175204,-0.36303269462110144,-2.694471723872187,0.7200557305621925,-0.7074816455457383,-1.1249536928731623,0.36555206001863444,-0.7533932633840779,-0.6289526463526073,-0.83691651240776,-0.425755429912713,-92.52529607842392
-0.005944861509905826,1.3113525576316205,-0.6498098764066479,-0.572698443759259,0.5277648739824229,-0.04568499789188029,1.3594589295138757,-0.7935171637030655,0.1724214172367164,0.031865460719706154,-0.7413522627181168,-0.3367866680752136,-0.4146752471084457,-0.27056605446814025,0.05595874463835809,-1.0148198807415176,-89.89637735285135
1.0600387450020026,2.2489140748143472,-0.710329299120005,-1.3702048206695085,0.318501320456405,0.21595735555404888,-0.24198448739424352,-0.2015027400961809,0.4232417410691249,0.9408160907438295,0.7807580155887789,-1.0158525294136345,-0.1746202829386893,-0.2027248199547458,0.6451078293125065,2.6030031878916655,183.75029153516016
-0.7249731057751906,0.0867365604711783,0.4428634740262104,-2.9050019639297027,-0.6118444463074564,0.19774235692743783,-0.07880517101873336,0.18214031055285776,-0.8609807124923199,-0.15894443934535557,0.699299399623779,0.05035658944304217,-0.4109268874098407,0.22677429524319398,0.12054847981119246,-1.8882810641843344,-27.763965035464626
0.9966444145686506,1.3123274315805782,0.3678035157716787,-0.9774878131519039,-0.15625622058431046,-0.6952498635618406,1.3321194553490743,-0.06007184358010705,-0.06556623755032329,-0.3654848032591024,-1.2884391537080455,0.9399649121883886,-0.9465611368963147,0.5649484768620643,0.45378773196222594,-0.5752455096918824,-148.6269734828515
-0.34059354237229206,-1.0048411108295876,-1.2360707830169169,-1.5056133908802687,0.8444858971755813,-0.2928914687558969,1.5517687002747012,-1.879156905944172,-1.5451555325434778,0.7695403129062681,-1.0823641402633668,-0.5844871840024302,1.352204130852407,-0.27137490430526723,0.5813501533373591,-1.366528688437895,-198.38151915324957
-0.7138984312072286,0.09362299103540164,-0.297521858893381,-0.39480995486505827,1.7714726880287002,0.6744524175011521,-2.4510308120886592,-1.4566379382123482,-0.11171469129753092,0.3635579995886548,1.02126047923535,-1.1778663185618514,1.3340770118615612,-1.1845602876257324,0.4005814281062014,-1.5098452464371626,24.284825200209678
0.08802502784347772,-0.5724252275697416,-2.0636147060431034,0.891063200135803,0.4173993318795631,-0.7858171815577486,1.500866196105092,-1.5070607242124374,-0.6168059597421771,1.5908820747506707,-0.2926326460939001,-0.5757833816706074,0.09821187741308973,-0.6960694631930758,2.3371424441959068,1.0281002602865028,-27.732784529180726
-0.6360730131607829,0.12780633465407257,-0.014119485232912288,-1.2010336322411108,-0.29125523480542614,-0.25844931341354715,2.0749756116725355,-1.3882270517690225,-0.43113053982032334,-0.38668851692600587,-0.9612423995508409,1.5669815364331732,0.32525344664617445,1.0135187784371906,1.0371851512096686,1.0478938718271782,-68.85929712758616
0.010961523563879643,-0.049944457032226254,-0.9652662999630015,0.8453245574425654,-0.21370525946528024,1.4442480679210299,-0.4061357951372398,-0.6453769173638265,0.30403731094277897,-0.9567966039376151,0.9487898384724083,-0.7297355806186393,1.2823565665757302,-0.2553316092859597,0.5598677455275796,-0.8105469880410224,58.875937546253994
-0.2010967259526079,1.0059834223504436,0.7787390566790017,0.508432060339324,-0.1388173954317423,-0.3335357260327298,-0.11709218988662563,-0.4443706941863347,-0.19769419199627714,1.4539345057984714,1.4276801640599395,1.8021103518557582,2.585372971045985,-0.44679018001938026,0.13798895295098965,1.3567200151740881,162.51950789007645
-1.224461242505315,0.7806949731961468,0.7832379220531396,-0.2763951124726857,-0.8723207109171667,0.6913808518279952,0.5002928406933881,1.312904332524116,-0.23376794325136965,-1.1661605621166327,2.634914814002115,2.4777923729960425,-0.05999866776339952,0.2706305359528573,-1.8065132394645549,0.26933856591936284,226.8011928300959
-1.285219530238565,-0.07663234252517702,-0.14299993477396356,0.4519674309630639,1.2965818047179773,-0.6171937444396336,-0.46109190236086134,0.517353339433763,3.088325707985095,-0.19658711647170468,-0.23726517628721955,-0.3747833727867434,-1.2164163945627406,-2.4716728251209856,0.069022491986629,0.21672064222244392,96.31218146093978
-0.4337166057729371,-0.059319877320228316,0.036835814065527224,-0.6120031985336775,1.2815730141783366,1.9010127190243742,0.7787420513345001,-1.5111055144614782,1.1632044494601115,-0.45717063005689107,0.804051746141919,-0.6561252331431685,1.1913406445167565,0.3374556654593362,-1.1036218770916826,-0.37677608861602635,113.09094093561512
-0.3593972239925692,-0.42930976251263625,1.6794583483798167,1.425989670198038,1.695464434787757,-0.13696715939690773,-0.09398675290333725,2.181355140351915,-0.539225915438619,1.4635523893362243,-0.3988210637125571,-1.05628242178164,-0.8382284716766613,-0.6294211943807093,1.7177649092354113,-1.3055101533398623,-97.42292588386903
-1.5945453002892358,-0.8558610460661024,-0.39351250336062926,-0.42559088040788967,0.6125151558777697,-0.03907202469539457,2.5108377082584634,1.6434713799719396,-0.8637804497356371,-0.2172178377472263,-1.0925952113312718,-0.42448577453747455,-0.007328636409435056,0.06422737375767008,2.457105384114553,0.30232807092238045,-133.27475068373516
0.532746689729994,0.00948738030481007,-0.26381073241862907,-0.4593929271669317,1.5224702834281365,0.9616313452075391,0.28687300342781646,-0.4975004140877381,2.3692908675904145,0.1236511092769463,-0.45205486259757194,-1.0003883329631837,-0.25247781242265843,-0.7854290041983413,-1.1498077024631144,0.21325654793788798,57.89615176217175
-0.25425955882292584,-0.08797263651756977,1.1530252130987702,-0.5158220448308967,-1.170661646528828,0.3039075302056575,-0.24369262755252266,1.4558411565616864,0.37688313043292565,-0.967319429128151,-0.9734843450616094,-0.8528366928513899,0.43619062839697964,0.06745910918183726,-0.02078564334656891,-0.3417309486838673,-78.96086554887165
-1.8531389702757852,0.09250478119848421,-0.7703223971544066,-1.139255835550828,1.6571320619685015,1.3697841736404173,0.00904120770026644,-0.428088441075285,0.062363215623245496,0.4239316871320242,-0.12381764973944025,1.5778422366216296,-1.5697287320960984,-1.5309137023388568,0.6180069736171483,-0.6585208158015031,-37.78385472365347
-0.8611470824132105,0.8230374322060816,2.079131817862025,1.1942825655241855,-0.7924238127959609,-0.38646228087667245,-1.2276711709118744,0.2352620520492552,-0.6388197989633047,0.5098242504934749,0.45973647056359024,0.4600397867887658,0.5933383289428678,0.08770192169112506,-0.9737008116115135,-1.0954454882181521,-31.53755531427721
-0.07751086521684242,-0.3570608601635407,1.011821266574722,-0.7074008105106676,0.22615831075900478,1.2564229959206783,0.11691056590706368,-0.22820375103415297,0.22765821534203814,-0.06468986883621243,1.5063259787428684,-0.8271750726611639,0.10101135902488059,1.6309034979079526,0.8218536980179573,-0.6320121234383668,95.62814078865958
-0.670175164913314,1.725412783019399,0.2898404822892569,0.3706543736819529,-1.6919073803213707,-1.237446596530479,-0.6359779293934776,-2.5068863933790952,-1.3591997894718624,0.37412476984065635,1.006868698276273,-0.8246404456539925,-0.11991363560128623,-2.1101250446807573,1.2877080041116407,-0.32411822424556075,10.884192094494356
1.3548693757128032,-0.34545494366738755,-0.12936143733627345,-0.2406702052410328,0.5170045118687493,-0.13924628101495753,1.1276897859287034,-0.3675285822766386,0.9715479186232853,-0.05356684297264483,0.6635024948417018,0.20149091777467035,-0.5215780139621952,-0.5348911657888271,-1.0356285031348011,-1.7260741769312118,38.684250414272796
0.0522528709857336,1.3342186320167888,2.239741577522302,0.7845988360388234,1.9792167492616235,-0.3762373228361339,-0.5634162910106658,-0.5481332065344416,0.5037730135022401,-2.6969077635375918,-0.9784036881013536,1.4142192336013466,0.5848903506998521,0.40875560443031456,0.5739242776843186,0.2969784563100524,-49.91047572439228
0.4718991750429842,-0.5107648176064508,0.08546829387635745,-1.8337225309298524,-0.13291745439513394,-0.2972186802327982,1.55895072171696,0.1790773549420134,-0.5296388606488602,0.9932916044945949,-1.0157255024729173,0.4655277744509356,-0.19011196182281123,-1.776851561030014,1.181415810103486,0.806818388500197,-80.57435286689548
1.190500651507811,-0.2772630294928567,-1.030496990947968,0.04315823454489392,0.524852885655551,-1.9203006718438342,0.7424255447931327,0.2566455456125175,0.7037439696534399,1.0378570766982886,-0.5539592105536997,-0.6640926223620761,0.03654909780560173,0.1502400959682257,1.1103084718116638,-0.8603153936761967,-53.306935745486015
-0.7030769067779367,0.8136034028548431,-0.40244387189685227,-0.41919026926734665,-1.024484279589124,-0.7117136842986076,0.4962967217743691,0.6584528959265914,0.9126379658244704,0.54144958202977,0.11318119198987475,1.2640177624869338,0.2085144728942895,0.963430705654057,-1.779618667180768,-0.7872178034065079,14.790755024685422
1.1231619960765216,0.9336601767047055,0.9673338183945729,-1.020145478120491,0.9302210823160073,1.0417311196606438,-1.1537348975024906,-0.3736404638654355,1.5282301746351434,0.9563635502354798,-0.8264985820702639,1.177323914997072,0.40501952260621216,1.1132725890455843,0.5418625336953631,-0.39136414694838423,-33.24390770430672
-0.4672321870887716,0.5196739002748164,0.8352026106168099,0.6862371624627407,1.4870797953543173,-0.19748863501261726,0.22069650199871693,-0.1752561721130929,-0.9914493603044564,0.8785449888978296,2.928449706973618,0.34552252478790485,0.6689263209622694,0.7656706583420423,1.9995950351002703,0.8109398924763681,238.59117929039897
-0.8570227352758902,0.9938819783622815,-1.1130528236952792,-2.0406372607190186,0.17947875766162733,-1.5950073814556158,-0.9026931783963849,0.19415306293920717,-1.066057184520035,-0.8977260509999889,-1.1697462406030807,1.395069439296704,1.0270113369386173,0.029848444301968726,-2.0569732601953854,-0.2603207546508756,-154.71594407763695
-0.3966471834362654,-1.5083011959593196,1.4649495718072585,-0.5927769831820415,1.045552894254858,1.7038723924970853,1.4088549151532597,0.6209599169016211,0.3015393821841507,0.8669197850528346,-0.8283201430641375,0.3374854563823324,-1.2734998604334413,-0.5543031508152948,1.443565973138581,0.25743527786042053,-44.39008054956708
0.5363518825082105,0.7597205150690906,-0.04538259306153462,-1.6197319734140705,0.5886155379092701,-1.5404759449417045,-2.165330007388777,-0.03074843340593266,0.378097788387824,-1.2735971247331546,0.13462132862105575,1.773437512200519,0.8653945881167263,0.8387298308614116,0.007944607729798674,-0.37964469546367335,12.418117890290594
-0.270411365270438,-0.6679707316121426,1.8159324364394827,0.6875652980574803,-0.01686309189689479,-0.3463443068412699,0.23594499185111614,0.17008685940649007,1.1419772417136222,1.1350605522635884,1.325932107863931,0.13604591010072958,-0.7589824787460024,0.8158980397392573,-1.23978066353001,2.3387013920516444,239.38697974204376
2.3771022355645215,-0.4712075170437773,-0.2354551682196764,-0.6496620033096494,-1.0236330707568795,0.49423249693267446,-1.9184728290064403,-0.5563768100101639,2.214748628296774,1.1782577092353819,-1.3118649325771854,3.4570426952936564,-0.3823070731859648,0.03369827840323738,0.2613894698686863,0.5163550359769045,-0.5731560903505812
0.3765434753887962,0.6469594342272189,0.9048917066184919,0.1339477023149116,0.07673431591338836,-1.4309927675033018,-1.311436252114674,1.7178753217024818,0.4974160195271081,0.8659763376091864,0.5929535469575583,0.9893402521646766,-1.2488499782543259,1.013661494525558,0.4733942706214151,0.10985500484501658,91.7639705759305
1.3135151081721814,0.3929470944936342,0.0672519247887966,-0.02067243023913304,2.1403171568143997,-0.5851301103642572,0.4356391014504224,-0.7043166377035923,-1.791289755143762,-0.16258729738791297,-0.025994252583387067,-0.198172751360281,0.19250720380624559,0.13107477232808018,0.852997403510341,1.1097958865985558,-29.32947264643716
0.7693401118325722,-0.24655243365332405,-0.3925651753852203,1.6216565986303293,1.7468607955653026,-1.0632056824157903,0.5769253513700521,0.6261644005358141,0.26344576445369383,-0.4401647760112883,0.7187978924966255,0.666561762002387,1.3691177907903398,-1.4373879781703467,0.16239774421065745,-2.41603544325361,-23.193707554109828
-0.37387120710831345,1.2461729452063193,-0.8157399115479874,0.2046535734668027,-2.1984037748795315,-0.9937383355253143,0.8194913504295642,-0.09193835663780286,-1.8392105522284128,0.877534174435127,-0.21811849900142632,0.8970467794631765,-0.5574604982737585,-0.7508336816888661,0.7676328560067179,-0.4465805067896947,-97.7499582691382
0.453218652631986,-0.12184084163249738,-0.4779574239197739,0.6226764494787689,0.45531969920614773,0.6379721180702799,-0.06674346127858101,0.31837799665665595,-0.4088228701855817,-0.5165747860449382,1.8029410769812062,0.27251351862645107,-1.7431170225917103,1.1953170628098686,1.6863870662828397,-0.4481770107589402,127.98951091559918
1.443469226629983,-0.6345464038258077,-0.36315231342555315,0.8205143673592679,-0.4864129121193833,-2.5011641125256885,0.22978125507456826,-1.8457879590895223,1.1935959820971347,-1.517591556476783,-1.1932864377591186,1.7468645456468277,-0.9564993259173299,0.7060054418731276,-1.166473527287597,0.09609812736186255,-45.01422716214666
-0.016683627919588793,2.86083171301702,0.8598252197288092,0.4733631038941061,-1.0012685097989809,0.15967882309793513,-0.265053140583626,0.5206182223173766,-0.33395007170404234,-0.24801898211240753,-0.9688635686179136,0.2845678827912794,0.5980087841789364,-0.37864140223223697,-2.0625376410871,0.742148142770032,-81.53151663875289
-0.3280847315375107,0.6070300160774073,-0.26790676028204014,-0.6806806804333002,-0.7486255465156118,-1.1061408378626094,-0.6447868833651303,-0.32342672227410446,0.5944050918556328,-0.5833486922880587,0.1764559906628087,-0.4063687538407917,-0.496221725083576,1.0831485983807818,0.4209746049246818,0.32003178723241626,50.253914631471986
-1.1507636133743528,2.7999336661601726,-1.5207494954716552,-1.1269632554432267,-2.726549021609113,1.1649735130224985,-1.2451711156368364,-0.3720098887547417,0.5542168728563066,-0.5975990195449419,-1.983989577132014,-0.8935604159222447,-1.3999761188575413,0.22315600025157242,0.6640559587538395,0.30447392940148854,-142.09886830497425
-0.3805877571457299,-0.27552600748683337,1.4455993607992168,-0.9220757315112059,-1.356719043264434,3.101817632300028,-1.024858276668939,0.32600375571857665,-1.1156212762646882,0.9793787814165956,-2.103273432086432,-0.18115156817511965,0.20341943861117762,-0.8078825073707948,0.9503937673777234,0.45573820209573135,-220.60442144460868
0.4482959991914232,0.4718337893977404,0.5546991047466896,0.3462217249729649,-0.5659478030589835,-0.18979750191353537,0.15050299123902744,0.11562938767677643,0.0587515107697983,0.3024243577946858,-0.6024018375632721,1.3450316800456854,-0.12852603349976016,0.6954587773664282,1.4134733130476496,-2.156797352659995,-121.00360984454178
-1.3604443914102982,-0.6650724767886527,0.47498402239820087,-0.8000697655598579,1.1941986476002213,0.8550201716050009,0.049199128366093275,0.11992768367603168,0.03415730350241695,-0.6335874036979496,0.20680882944210485,1.0556551706068937,-0.30531276815314684,-0.8263164477862898,-0.3169767489557672,-0.12764170690635412,19.865830933919405
1.6156797749800709,1.2408392732500257,0.986217491991995,0.4470837336828929,0.968879825825498,-1.1974111737800868,1.8734425955777487,0.3195860334738112,-0.31091862043650015,-0.9494339007077554,1.3629599723754247,-0.41677983467505714,-0.6093330589286986,-0.7278994426545341,-0.8324790031632534,-0.24051247101738008,105.92733920804046
-1.067111755393966,-0.003633707894417107,1.3851050134082374,-0.2846129620514078,-0.034416998870774984,-0.024162780333169234,-1.0927184870699749,0.3121606860387917,-0.4226235860243738,-1.5616496938217872,1.106285009936388,-0.45377926238379446,-0.7453969073190447,-1.5065813069011793,0.6581389121823463,0.41179379983711395,82.58005337472292
1.1639141127072794,-0.25866561352309403,0.3510458687078373,-0.11838179000398091,-0.8655438674691168,0.7738575759048456,2.3161623204856583,-0.6414961874074421,-0.19099015740372002,0.1304728198534679,0.11520852543327204,0.3296034245814836,0.7044164630953238,-2.0157710994235463,0.8980324950752918,0.5508328085350838,19.882664972464294
0.4393861375458591,0.1679585726539829,0.03956805895967021,-0.06397265494434373,0.1697456649877409,1.6949352892848042,-1.2421819586810634,1.358721990390996,-0.25753481211166035,-0.9332375829250403,0.22138490255760299,-2.29718990771217,1.194569309845288,-1.0741972396964021,0.549626275814458,0.4581760489815863,26.543160323964962
-0.4108046006403792,0.7213801130523312,-0.21245105025911154,1.3948740851822279,-0.03460990057325184,-2.1795389641520178,-1.7583116550972677,-0.08063296306796407,0.839271921946356,-0.42701418850961276,0.67081998078047,1.4017745630118121,-0.08768319898418979,-0.893965449823358,-1.221576197735295,-0.5560792185915581,79.20779759318614
1.101360565759963,0.17005559476708237,0.0012795396044665117,1.2230869294096276,1.08176059739486,3.0905658505677214,-0.8853796496358004,-0.09766808904814728,-0.08907376416240578,-0.13687044868215684,-1.820164282119435,-0.4426302592739481,-1.5085413920582809,1.1297750776705642,0.06917003437585406,0.6372135304199226,-140.7368793249864
-1.352914245708344,-0.22425194911497937,0.09874837081123881,1.1276194106544617,0.5467105189464287,1.740306192907877,-1.3708579694263192,0.4640904970660363,-0.12445994998664442,-1.0009570456301793,0.30591458032373936,0.47563428404126806,1.4587968801227642,-1.818271892262324,0.3795357605714852,-0.017772341126148682,23.30165150297756
-0.8371206685647187,-0.4799278737425357,1.4245174615353122,-0.03689179846100823,-0.7966217767257922,-0.7187906334054033,-0.8522902986627026,0.34414436240096963,-1.66818826272859,0.8810358349254525,-0.5542618524772263,-0.2212449266651278,0.7671536119940703,0.7982617745704207,1.4371925289625112,0.6070141376031227,-81.20755015260843
0.36270892823029977,0.4524801720490004,-0.04969632660491423,2.5399924934951907,1.581698913309395,-0.32402564940552286,-2.1976383656909624,-0.3155980331058564,1.8896594577376118,-0.2757041601283911,-0.8407437799107044,-0.7603199721571874,-0.23077434863315283,0.801749262687916,-0.6531363679722392,0.6439490852371401,32.24624057171335
1.3961592572954657,-0.604061880438817,0.21302856068892576,-0.05964082368475181,0.7001603905026405,0.7808282018648373,0.09431724185842143,0.2124096928887744,0.191510284950033,0.8824206872990569,-1.4236313128211102,0.5758620705782204,-0.6926915375883451,0.37403801361772954,-0.04512993533100942,-0.681881296984002,-150.72902003797083
-0.3915602868714685,1.1022959352721433,0.1944900621103667,0.1335043567260147,1.6558617351438905,-0.4076248886443912,0.5719112605793866,-0.09142771523489046,0.2366821727799852,-2.137720336057537,0.0651041451053797,0.8632811397950342,-0.9386349931592517,0.17992970636411335,0.5518969307288444,-0.4477503743337817,2.841170369974738
-0.824077998717261,-1.5256426758784305,-0.568181076752459,1.3088322466658504,0.2501337911216706,-0.9169364247217774,0.31359860385036653,0.8589708317389118,0.6046796901395867,-0.6726980718345255,-0.46685386877003915,0.8343836324474112,0.8429478997315897,-0.13403132327261463,1.0956606500449535,0.09782669121658209,-14.196183733095857
0.2624452776687638,-0.4785119651097269,0.31091651968034606,0.6440821483628786,0.03348399133500631,-0.4309335119852954,0.9820942268627276,-0.6733723887663412,0.9801835291699249,-1.2776537340260092,-0.6821841301971492,1.3156777954536276,-0.2216735449050992,-0.6263636756304916,-0.33775714578501453,-0.5497457163624587,-40.56979701849727
-1.7284233120788195,0.30820572743068003,0.5221748345056515,1.0070100671028046,0.33696793817295584,0.0831839916657506,-1.1095330547915028,0.05886641791781139,0.49660322049484423,-1.3627848552832746,0.2364528182721698,1.5559134574323483,-0.18756460525619104,-0.4250294748258712,1.672417460910683,1.8630805190509507,103.63920245921456
-1.4326370156529973,-0.3169317110419171,0.0035324592228526755,0.27682053462006906,-0.11962724895471731,1.735986975573409,-0.18669401575994882,-0.8502184469022026,-1.0344266814839376,-1.697949858308166,-1.2385611151705214,0.8662619448129717,1.6317284064256954,-0.7206330881688116,0.6538388487671394,-1.7471824569943508,-224.18200789174844
0.036668040911436696,-0.14894975331865698,0.6958559153443619,0.9252785338087502,0.24968744397381404,0.552532574227816,-1.5880101502849717,0.752559133674457,-1.0387868505147602,0.04274980502167078,-1.8718920886126496,-0.5437537880838985,-0.04976602320119773,0.21691130951660292,-0.4446395840735157,-0.7231175700835407,-221.9094686748526
-1.427101569206055,0.545833771935426,0.5769928806695798,-0.3947981915093441,-0.7644695264040764,0.025740352781283303,0.4105807860227895,-0.31416316483152906,-0.1485449067731279,0.9326584585037867,0.98210027652728,-0.2098868417524499,0.4481885784615141,0.05614523771313303,-1.3118308834197245,0.1734529632889683,87.3344065492804
2.5250583911637676,1.476381962047243,-0.5987539195106513,0.5803575168697543,-0.0160967500829694,-0.702392037081523,0.2735978631249207,0.4082755590682361,-0.7200071684417757,0.5710141447810212,0.8285787122632091,1.3965828972637757,-2.292195356298829,0.10324325033365023,-1.157550537755137,-0.9523128737364668,18.898376854917956
-1.2137786471399878,-0.38096083122352215,-0.3969850389567896,-1.007242873588777,-0.605863116948348,-0.5030455355980576,1.4901497566508781,-0.2113683082680303,0.7492831393620543,2.4641847181812473,3.129155275561998,-0.2777028414477323,-1.7863613635619855,-0.6426677001595817,0.509961371542512,1.1886876669870639,345.4641267754358
0.6245758565556223,0.08739541763721821,-1.4092594173800752,1.1814725854057475,0.11974907674048747,-0.48779283791280004,2.4750091814940998,0.2531137029565752,0.5712859096686095,0.3960041053067935,-1.0944423133935415,0.48546739608562334,-0.6276128231923669,0.883503188707506,0.45174828756951335,-0.7616312276143503,-88.76421030778177
0.9557954626703197,-0.8118319959539578,0.26497557200845656,-1.1255656413815032,0.49355843619838846,-0.38710021246501686,-2.719101627881161,-0.8791250757137806,-0.3910786300956842,0.4068545214168066,0.03621139892362984,0.5148817141009293,-0.3858583135039456,0.08485526513640318,1.2312806377398946,1.4475461327061783,33.01578227820875
0.8046148094746961,-0.25586439730526,-1.464511337115487,0.7305974640595521,-0.21429451545658024,-0.15672697679987763,-0.0702131712114635,0.3605712461479171,0.5713823452478282,1.762078160630367,0.5773676788963319,-0.6243112227658161,0.4615958173968128,-0.2144539804519726,-1.1661175676517543,-0.40803153114741575,59.00663064552382
-0.5808283453174169,0.03436662832177311,-1.478501215171898,-0.3922004570596731,0.2972587468819138,-0.3593356497128914,0.13277551860247455,-2.3813874979554557,0.729644169738914,-1.3850077917513794,1.9555978001590053,-0.051438242874288755,0.1761412048824881,0.15493281300351208,-0.5955088296503067,-1.234605171930054,158.83453663943507
-1.20920042861434,-0.5463820647369898,-0.8858152176627758,-0.11642608893814074,1.2480745660059904,1.5926845162137444,0.9260109448535309,-1.0480290243806272,-0.9304722658619629,1.7833967527138193,-1.9617698343158212,-1.4605298637814534,-1.8021922842572131,-2.7123974456548123,-0.22059527612421329,-1.010883190045124,-240.46724297515155
-0.17356879396593974,-0.21649130606516387,0.3164806869297677,0.041046817048463524,-0.539748331227868,-1.7295689039004645,0.5826101594889869,-0.4045791167987907,-0.8476553136865834,-0.09677398137725231,1.884858913318991,-0.8173887337938534,-2.6163795330387543,1.0045951335494108,-0.4917328175436173,-0.04198289448291277,118.03078023106042
0.3143514070646974,0.3271211068015184,0.5828472542597558,1.3942709477871873,0.7682866619768899,0.8354148136286537,-0.6402667087422322,1.1762768687664966,0.6011772213780693,0.509982657040156,0.6992172972402805,0.7172302350002054,-1.3427185007234501,-1.2706617958241435,-0.219389021030594,-0.35223312219273284,68.48156048975518
-0.3508954758046255,-0.6473847658742434,0.4911805555868948,1.7526309722802882,1.0577103155771133,-0.34683299092301917,-1.248547768928677,0.5152968536072708,-0.7834146535055642,0.597957395277936,-0.47377448273352557,-0.8824733071374423,-1.2335164194589188,1.0865262977521637,2.2013880185065835,-0.5488094327015126,-93.70098209775045
-1.2632685345192163,-0.5051104624865019,0.1667100586499007,-0.5313721694803024,1.0119647917658023,-1.333634810581812,0.18854585550029376,1.6434248520509123,1.3226502997896763,-0.7793245838610715,1.170107644217894,-0.13595546598531053,0.05625654534316682,0.40523620911159985,0.4477126565596442,-1.1552314148071845,114.56310063114182
-0.864183253616664,1.6822683461365588,-0.9094655011577509,0.14878944295277036,3.1000308754096957,0.8957798595156177,-0.38852504760931145,-0.9654063178606311,-0.4544648335197051,0.09662535689475364,0.49019342447863096,0.08120318958286384,-0.6526619179099244,-0.046975894092524936,-0.6506423062808795,2.408965679885613,100.66199852086243
-1.132636827663809,0.7489046630243787,0.18630817456919554,1.065949310258072,0.235569778158018,2.1725802455134526,1.0741722947566517,0.3574307052686914,-0.15228743467577172,-0.29749940746674375,0.19346392999449347,-1.4835361370624116,0.5471156178381126,0.27406200931016667,0.6278806956987307,1.442181659350061,72.29892658769685
0.3325616717607552,-0.2856092775101445,-0.4349541861090303,-0.6081407727189099,0.37893950864596926,-0.6248653711854505,0.8382187939116277,1.775489893227697,0.8007163724435493,3.1889810671141445,1.4047078465399976,-0.6572289850105107,0.7950805842788755,-1.1602657110098913,-0.9050056801406995,0.7103498779554698,178.39996187091919
0.4673673774096442,0.15483108248195696,-0.8103400055247804,-0.35771206937267075,0.8776890019915128,-0.2514889774708249,0.5487813140122071,-0.8548795569116802,-0.11667293616620909,1.2745346220687044,0.19407812647614928,-0.9530615047455584,-0.46662217395495426,-2.2329777079714916,-0.4033221545898973,-1.0689515117067263,-24.194404192656357
-0.8923856476601204,-0.9400183490564394,-1.6278559738387302,-0.1945743559126254,0.824674107571404,-0.5133895907589736,-1.2997519153847217,1.547524391555305,-1.0864987413465548,-0.0185582759506363,-1.5356114585013254,0.4300131262076012,0.665358808097162,0.3225868648418278,1.7881253404352204,-0.37736119367805443,-166.1113593187272
-0.09499096444956215,0.2682704513606097,0.7800030987509572,0.7149280895550735,0.45253678275098436,-0.6916182315157843,-1.1368622196607865,-0.6896246833367926,-0.16937600789005341,-0.5724641434992516,-2.700334702783783,1.5030350949880693,0.6445902557623797,1.62707231181786,0.513675135669986,-1.167456527382291,-278.69476107883463
1.3172772079966337,1.4404009642493534,-0.2660270210534132,0.31874839067644817,0.8846827043812784,-1.2599757129804707,0.4380203793682454,0.14659711782699428,1.3293331736712681,-0.32066455628480434,-0.6393353373483036,-0.040720866893400515,-1.0480546133580264,0.23562944871122304,-0.8660992671549868,0.544753611323269,13.707500653353433
-0.666630720606875,0.27667410725428254,0.9544022469209058,1.1744745856539374,0.591328517471162,-0.08520324641934136,0.0580560991051772,0.21758232567313962,0.501779329654875,1.4706312286115715,1.8288073809013978,1.2338936155658338,-0.18984092728750504,0.316181946370814,0.07307882968919112,2.1216485199036885,244.38370545330068
0.07847513110839223,0.5209664919040903,-1.6878914208832596,0.5907721249966972,0.8125424574840202,1.0397783968551344,-1.393062262211343,0.5477845903943162,0.19791477857161777,-0.05982403528940918,-1.5237714172652195,-0.3876438219486228,-0.28370425065250876,-0.4781223315711431,-1.93651434457638,-1.3644725224560923,-183.83441932695538
0.29418703931907775,0.4247859169583324,0.6152792061255579,-0.11418991695912346,0.46675377960964093,-0.4882265064140287,0.42617947900788145,-0.9825720789420387,-0.5100720495457619,-0.3726598279312451,-0.9587630805605168,1.2031611082735723,0.11723967661885992,-1.0679739687013847,1.2862746851336095,-0.39985804000873276,-126.83219721684623
1.971514458896738,-0.6124000386038119,0.6394410588316237,0.9128259115667856,-0.5316505590384368,-0.640727560302064,0.1712140815978356,-0.43100022943583927,-0.5441122512643868,0.5953165323870799,0.3973718372777955,0.9882837286227522,0.9877048272875977,-0.33212866709168115,-1.7144287822996425,-0.2693116478318936,-14.982345455349263
0.36290230190453093,1.0760300255323798,-0.13833656414318382,-1.1935527845499436,-2.755086924780008,0.10608326415239501,-0.7165803150011415,1.5330218258702322,1.1181195612662354,-1.672348868544036,-0.36393085783674145,0.8548097648125005,0.4758820812524437,1.5387153973572165,0.557133172263661,-0.6289490271982072,-9.90836575603059
0.25321131340588954,1.0031809129923184,0.9528880084750417,1.020550827444909,0.37941945731029736,1.0742852682905024,0.7062929006991865,0.7316437985300138,0.7635187581591336,-0.5148447415609543,1.0101716653946606,1.2662786175601588,-0.248318923158364,0.37811586718177004,0.07979322922881947,-0.9912800623694161,94.9974010361351
-0.14462373883685206,2.1062106605079105,-0.9837300787375903,-0.048185683007759654,0.511798323796739,-0.7055512525167678,1.2905629872325046,-2.3324213604165727,1.1437342185463522,1.1656715860390598,0.44395798505984446,-0.3468278708489854,-0.5178582792827199,-0.8325929282558148,1.576353696524063,0.7116575600222006,116.81108387010629
-0.0797547118636835,-0.5206998674338184,-1.4971263332752234,-1.3798115690028918,0.5118215132266454,0.050706878154016186,-0.37051336553875247,-0.5507282661504087,-0.3379962154091655,2.2142125269612065,0.822964621634389,-0.2179923661518048,-0.17855366023590133,0.8643658340587549,-2.171089769960801,-1.3484982106875292,12.912432733363834
0.1839811262196239,-0.7223124934101124,-0.9506017733373361,1.6109991377818735,0.4010661437799189,-1.4170332657624716,-0.704864555075305,2.4249175843699353,0.8908748077637043,1.1525059404242002,1.2174535144385847,0.4383989243465563,1.4144435322322568,0.6468044661480188,1.1341758205543886,-1.100927137433993,102.2163586300744
0.3822246125501314,-0.13041520215554644,-0.2446045430885172,-0.46350258935456085,-2.4053905850155606,-0.42895599019927744,-0.33977683655538676,-0.13735626114273444,-1.1741656411482282,1.423948995687057,1.6003479719790632,0.5165107898447984,-0.8830170152869318,-0.8565843877414963,-0.9253557032261048,1.1894842997238315,134.62733469563443
1.3719190627606548,1.107322423938009,-0.700023673307868,-1.8955969092176823,-0.13365336220091506,-0.3890940335856905,-0.5592100624588118,-0.7462141178823527,1.5926724584525678,-0.025551730779594505,0.08946188147182721,-1.1527444094069552,-1.242973718250228,-1.555734578617647,-0.11622076369453624,1.0455674190815012,112.71897984107623
-1.0631386863592254,0.08746811092103286,-0.2018325477614108,0.173829562586231,0.6516101905193538,0.04171451056524781,1.788769420463962,-1.6440311123326463,0.49461085957497114,1.6434099032912755,-1.0565367850247311,1.79548781997424,1.0007648125332147,-1.4749591832019742,-0.08840368513735151,0.39485273184301695,-56.083128390749174
0.3415065963898572,-0.45963114361852386,0.3953725582546996,0.3850436208943247,-0.802145627173307,0.5735478182244722,0.3633509414008906,0.4989718337917933,0.9034300527174732,-0.1742929078248652,-0.2324157439218033,-1.989953499021158,1.6502760591734154,1.6266269824333917,-0.3609070144406473,-1.9413045856256765,-36.44506228695762
0.5189205970552336,0.625097787711073,-0.5214344088148352,0.2157300101290352,0.39242980032165253,0.0070404868355187925,-0.6102815944392961,-1.8322483010797872,0.23645639339357366,-0.523834833427533,-0.40364950598955873,-0.5635601844991263,-2.159590659981125,1.386040225206874,0.07435729467984002,-0.7008589454041516,-41.73135824415516
1.8368090856377286,-0.533341978385297,0.06172436633611278,-1.9331521742655413,-1.1472662357516719,-0.44532786249088036,-1.1887943752597754,-2.4848136110975063,-0.7184600263912093,-1.1654238491406925,-1.380548282371078,-0.07021876300957205,1.1367537887620138,0.7296595799709433,1.6298175637373784,-0.619522692566279,-158.0815777903842
-0.10897024320335844,-1.4019893092375046,0.9615074561060605,0.04503763880661836,0.3569527215389927,2.053563157380608,0.7594891891661113,0.17062772710356303,-0.844997346136012,-0.9272939540708981,0.5802569595253806,-0.6453095189580562,0.1279216658653183,-0.5713273845843146,-0.6875266838328726,-0.30069926853794193,-3.5689810453408555
1.1712335199128727,0.3888394206207377,-0.06996777056942986,-0.5758227458765486,-0.7706329311329356,-0.03469367284668572,0.9534387226425083,1.4294256499551872,0.13230480764325317,-2.5533270699414636,-0.4528664066025422,0.6197732272908529,-0.5548996474940036,1.129887077775835,-2.285288931965426,-0.37367040612203767,-39.210460633277066
-0.44842581347806076,-0.6985461846171471,1.240059979826898,-1.0581433338782338,1.2304924532419992,-0.9592382799333942,-0.08081684469453561,-0.758982989387719,0.9933678179708884,0.8778179455165728,0.12185225560332447,-1.2431117635395574,0.4557308430083976,0.1690648247136388,-0.46567928095123934,-0.04881870267447452,43.808733905341676
-0.16148958909483258,-0.498542469069567,1.0090523019477107,1.939214938472081,-1.0210938621458792,0.31352671468586013,0.21260317595195566,-0.5834844027396078,0.4346945346161589,0.08096757682960716,-0.41861497477977583,-0.4170875395614358,-0.5615686190806913,-0.3886395114774722,-0.6392282570846584,0.7326049625178601,9.460669854564854
-0.21696655832727305,0.6607806833333595,0.9311516187727652,1.1166846139473339,1.4390380567963807,-0.6385610568752339,0.9629387012851759,0.10015647396511067,2.333097486180383,0.5476270586217633,-1.2565788870344516,-0.8624896554535045,-1.0043106695765343,1.569803981103335,0.29705187698395386,0.0938338174600031,-7.5115427470177565
1.1192967260169324,0.1947726357544365,3.110971157517588,0.7124373660101198,0.749197102856944,-1.2003755999214993,-1.6004077088601103,-1.044562083280222,-1.408694224525031,-1.045146088501024,-0.15097121296456337,1.6850473676965558,-0.5975577400699132,0.04174041805301909,0.37716208833943,-0.559537906196449,-81.27225578835788
2.227461352009206,1.3528020707532993,0.2254883209222577,-0.4437293239378396,-0.3318767890921308,0.21493621745803276,-0.7288402811907789,0.9424367174216695,-0.5534098517450007,0.3797835162985063,0.18716369906678185,-1.4962255469538337,0.058637052058591224,-0.27502047151860104,-1.0828550009451599,0.05827267943606535,12.85708210964797
-0.5072203595756467,-1.1790743965026937,1.705656736504043,-0.34727438668015825,1.2830704888183129,-0.7302543637652171,-1.3571691461172344,-0.30788404217860726,-0.5694213291239872,-1.4980726357167886,0.5693225019372484,-0.89565604086139,1.8585859971529555,-0.025181877983886825,-0.46603021038593334,0.29986553879522543,47.82835890558268
-0.7931690687899233,-1.7418805152879182,1.1775394888253687,-1.408845459297405,1.0358853678407711,1.210842369749601,1.2670660099180908,-0.782475544045444,-0.3984847574050528,-1.2544565409190467,0.5774981889896084,-1.5375368050971625,-0.5272503937675679,0.5412684334070147,0.46690778364590835,-1.9264110386811921,-31.78606560696656
-0.09457387683712586,0.054549308715552816,-0.2037221154775673,-0.06874692911395368,0.9720087344899395,-0.9989166621190153,-0.35329795720413215,-1.5176761351846957,0.6512805342477617,-0.8232794806023291,-0.5027000109108573,1.301169223685448,0.36071161519532324,0.14854358200038487,-1.2488838690449264,-0.5469250076447691,-46.17671491861502
2.239529724048809,-1.3146777642667793,0.17634716643058074,0.9445333599146714,-1.2501883773752087,0.40777423161174997,-0.5300774568235347,1.6117610069962678,-0.9924059464686504,-0.8176289306881603,0.5103041755056749,-1.0108516955968243,-0.5207611851461084,0.01893321400852272,1.322989254584519,-1.010657355711745,-32.16253085440962
1.2593053679679655,-3.1893792313691796,-0.6927596894542831,0.24419276714280735,0.47028891063032796,0.0748326646882396,-0.32200563881573374,-1.0458649239328244,-0.15422607640920735,-0.15347546505794185,-1.308659253896794,1.2078727751910225,1.2250166956958293,-0.49355899290273303,-0.5709675809533924,-0.528462347517673,-126.99531972890567
0.46840425405541525,0.07718846321599791,1.3578176848142158,0.15152000261866463,-0.4502277450947392,-0.7268370453868392,-0.8826433215027796,1.1974510155736606,0.04623719305505618,-1.2511786082360286,0.19556603329244646,0.3326772127424426,-0.42018858377195434,-1.6815601988751545,1.1154314271737509,0.65046900004139,40.53802257617429
1.1729030407384733,-0.30767641240341187,-0.8195565510771621,0.32082837719783097,-0.6891247809748507,0.269679556726095,1.6401339615689121,0.9356318199493464,1.134182198391026,0.4917054117359168,-0.8814616365440568,-0.08360496991320109,-0.7854325443392991,0.09412805287274693,-1.6946703201275704,-0.5453666655873985,-45.888200882106574
-0.8477424053732081,3.9142740838925905,2.049263906854062,-0.42330262009272995,-1.014850255112535,0.6008314415233458,-0.28609694230917526,-0.9373123279155136,-0.002243088078070157,0.7819895851624745,-0.9207623375356203,-0.06252120240238439,0.7267401829528941,0.29141079848285434,-0.5755631056059403,0.0897170034195975,-73.45334437348096
0.21949289549096226,0.6094981281898597,0.5148017981498718,0.5640578554017192,2.036475386822067,0.8523045921850161,-0.18141393896977714,-0.05767436557264991,-0.23503865250065673,0.4141122943381602,0.8457256885652334,2.8508525982600514,-0.28714652961311965,-2.313522174195961,-1.497645161495517,0.7149737680058887,83.05007857020854
0.44990055082868424,-0.6712296047156957,1.0415814324086032,-0.48807615267188587,-0.7778681604187517,1.5200885506643849,0.3985318074571955,-0.8777801279522511,-1.2767146127873181,-0.06348154207995113,-1.9400730041583276,0.9301127920276125,0.10982811922567497,0.33342737648513887,-0.6801269258235465,1.4831034842183164,-162.90422314146295
-1.0372260672656124,-0.44416186296020677,1.1427819853954693,-0.8316996049043456,1.8267563505386144,-0.759066776198377,0.5643506079987182,-0.06172810185128687,1.7594188715499466,0.09335181224269108,1.9597940445885582,0.3811705017136164,-0.1409497456039734,0.254823679367056,-0.010702172937082565,0.20093925233827364,240.2545629183006
-0.12910446440450318,0.2488411637842387,0.2833343160178873,0.629120741107735,-0.4758435021639548,0.8661435184810319,-0.5108423478190944,-0.5149445463603899,1.0513115141172356,-1.046087652822798,-0.17431412466734564,0.5989679227890067,0.4673876215267161,-0.7622724404990425,-0.7901342579411461,0.8980006857817648,60.68684300873838
-0.4063550395213241,-1.7875683371705198,1.3998203468873092,0.49825465750637155,-0.6418476548478563,2.67244154120241,-0.7964379581559774,0.45104327768155994,-0.6567504090197829,0.8648312645519185,1.352820876335155,1.0901261675400373,-0.18153754300643896,1.239647010043258,0.42441081523600777,2.671103031818947,188.76735683264263
-1.886686508823338,0.2913438550261716,0.9106886358153434,-2.3408998921693525,0.3744652806670627,-0.9749314120938006,-0.6456342356773888,-1.6600626451527352,0.2299046941762682,-0.39271585320325947,-0.3022659411468565,-0.0006091366216718167,0.10668007733691999,-0.5508374651987193,1.0271355686109218,-0.6280977262514013,-37.63785354941061
0.09334171167553074,0.5042760520102262,1.658383682820492,1.3019137907539995,-0.3178999011222327,1.9903793191417631,0.24800818824942886,1.5021753815715855,0.6490428731452559,1.4355776250853187,-1.3078408584342964,0.801297121789526,1.3267879470120714,-0.8050334159421397,-0.5853995222482624,-0.5682416828188857,-94.12656571816234
1.6786265691443512,-1.2602586539877663,-0.38023855749161584,-0.2512054567246288,1.4274399920272092,1.46611803931661,0.49575717718095313,-0.7700583070412049,-0.2624421615368643,0.2897684760479351,2.592373960144354,-2.0936247715938294,-1.1135314982538593,0.3711701013450469,-1.6125585719451465,-0.3466642221312721,205.95059205982906
-0.8073248345776612,0.5590706079649121,0.6409700876428859,-0.07004350379107803,-0.5258891394961903,0.1694381119545307,-1.2111855811816445,-0.6417210808242294,-1.353307773202369,-0.7339200700928674,0.3122620088304545,0.8842252081564657,0.6007929818603946,-0.17420153191678525,-0.5459212385188141,0.05383978493120336,-26.008710092638264
0.5150109562248122,2.640608744535333,-0.15171751149404625,0.263467414998127,-0.7950133022235141,0.33536399168930947,-0.760290137420689,0.39764112092230147,0.11124304041612716,0.0809126837523042,-0.15583686599269475,0.8449705829078331,0.34296929295888856,1.5626297062110075,-0.6927884886715899,-0.8980059986968506,-27.343602177228384
1.8828594775967438,-0.1265442518901009,1.613316168212557,-0.13722631316947795,-1.0889114169025267,0.9244022720011892,-1.53803395121874,1.2046942273037256,-0.20918904815282655,0.011239366334727656,-0.8285475912294193,0.8058684517880248,-0.39817512444782566,0.34937392798587136,0.31102736465296593,2.265107047513723,5.0301206010150485
0.20186236408998445,-0.23289529849243895,-0.5248095351916293,-0.3244046687470475,0.41244443899830086,0.10063577580567783,-0.2449095446128857,1.5799175528087173,1.365881982731254,2.1453864641172036,0.22630887375161068,-1.5755501162302037,0.6976382993424325,-0.07450187500491835,-0.5109071842430221,1.628308177819021,144.8735164595115
-0.5680544669582237,0.16020254227845715,-0.7811380074708515,0.16760728636550035,-0.3359814803418257,2.2190354736031876,2.933076366564809,1.8164563567941523,1.0923796345439145,0.7893228957068512,-0.03351497525635514,-0.5450501059089751,1.675774297969063,-0.8913804522069535,-0.3028539529540889,-1.6841645160733711,-28.4273856271577
0.11963015480047978,0.15923858896854928,-1.4145200561032165,0.8594347586581372,-0.038384692171514356,0.5443430913167029,-0.38147654732333147,-0.22549871964437285,0.5254724668244675,0.277360722225966,0.27952365287652303,1.7322004641047775,0.8026695153885339,-0.638689835682763,-0.9368793407525526,-0.45354661817518555,38.108749143986884
-0.8088864618777533,-1.0879222171928213,-0.36535761054452703,0.6903636432242244,0.9205626338500287,0.5041005421051226,-2.9901968737184177,-0.6809071698703224,-0.5228265705999738,0.3787634963907199,-0.03894237456057436,-0.9185585443648423,0.44430733856611454,0.2141463158664229,0.7375694574838986,0.19140489448614792,-14.701363934860998
-0.08630030823547069,-1.856136386782615,0.12352463599023569,-0.7824795194869646,0.9757913116379604,0.5039467005343504,-1.358884637568489,-0.21989425524233294,-0.9153709659391857,-0.511791325985584,-0.3163442759336505,-0.3283141812999788,-0.8144355370881162,-0.04571426425442479,-0.3049703034587571,0.051953373340566045,-73.3909977423703
1.9124724966081912,0.14767342914968476,-0.9983371393408171,-0.7821596517626539,-0.5843179334941268,1.1834674334413589,-0.24495044252557704,1.1152179302159497,0.45497315801018806,-0.8852283300928726,0.3396844128051291,-1.5135950902973285,-0.4352129137611223,-0.77316150428854,-1.8172387783821853,0.47853026970424273,62.23405526621587
-1.22502269776401,-1.735206679585361,0.5289424788831547,1.5398195197774438,-0.1940470941780595,-1.2213364139469338,-1.375380035699308,0.5910643678074683,0.11146678534385393,0.519667479197288,-0.3888612801351087,-0.2861418648558107,1.2776683615147357,-0.3346332020557272,-2.4274332078748784,-0.24322548025911467,-39.9817907279638
0.9578669670319667,-0.08098713165570222,0.7776329076514829,0.14271986004382967,-0.19181910596434462,-2.0651732686081608,-1.2572469624992242,0.9321507343982725,-0.45461326088448817,-0.8239948661402517,-0.2950407671509876,0.393587137031203,0.8779990883385618,2.230120401135383,-0.9638178950298525,0.09985385291031966,-49.102859354086256
-1.1390521543929917,-0.13524187126512602,0.4035455441245837,-0.9406091277651316,-3.002772561353735,0.6629174290117644,-0.3437404742839253,1.3341058798044463,-1.4674783028818386,-1.2552443313812254,-0.4174340404406682,1.3744247724600096,1.6484775240409943,0.12955720942583382,-1.962637248956251,1.0871496035003954,-68.24699096692429
-0.048682513702372636,1.1175287401273197,0.9100263107064073,-1.1258534087799128,2.020324777581977,-0.135682989994834,0.7639494398475798,-1.1024049295913683,0.03049619802743532,1.5136475853870524,0.8725573591442987,1.1342183907678864,0.7727011771438183,-0.559115714432231,0.29048375195468307,1.3304690875442244,121.15222094885799
-0.81366285059112,-0.02901905149314992,0.66849401381153,-0.3329126106633455,-0.3614793302085892,2.103089705271937,-0.8460311289797026,-0.8542278932295969,0.2835621495639636,0.7296093410557182,0.44183141739162346,0.1467236715226845,1.3502581382697487,0.5436695079600529,-0.5098499053971152,-1.1318846335929735,9.340643636226934
-0.24010766864159688,0.46140427998673555,0.5250265183535707,-0.7314300736785264,0.2400753076013288,1.0275513274477244,0.23262869515249582,-0.18650229585631858,0.4490463409629336,1.9137957563941534,-0.6469610971000141,2.081621833385541,2.336137594188625,0.6574633103170904,1.1356622926325604,-1.0256751543559992,-81.15310956456612
0.6429034025127962,1.6327089627910807,0.9552702131940234,0.5974891482768497,-1.0662319350566114,-0.6299991487985446,-0.01303171952130952,-0.9608976476426236,1.5760716360835205,-1.035317829146208,-0.25656656445017817,-1.220901533830951,0.2112393280818169,-0.8311895756794124,-1.0603098523502548,0.51208777851636,63.06918789812934
-0.16509731340066996,-0.2522916914381733,-1.512110915078891,-0.17250459114556427,0.02895722836947155,0.42359931067608025,1.575469089095556,-0.5946271483828866,1.2032518147031097,-1.8098111184548942,-0.12874808274915545,0.37245888211717115,0.6343243991086753,0.08173768185522531,-0.7602138065690671,2.121355525028207,108.55838437936212
0.5864215914157472,-0.2474575332306452,-0.5032312174528031,1.5100980063258145,0.7108007056592783,-0.9110551867010728,1.0627634868299414,-0.5525646332873697,-0.8994233663926342,0.6795938372118803,-1.454508799857856,0.1415376665097357,0.3945575575289995,1.5361535590169537,0.40051522161923586,-0.9040192869648253,-200.41708106830998
0.7186473934499243,-1.0581830746260683,-2.165393659752064,0.011521107373381518,-0.6586855194782575,0.31723781029416276,0.48482822173709456,0.5920427167669597,-0.013073449384941066,1.1965398803957785,0.7026463962518806,-0.4621980709133646,-0.7010590816929891,-0.3545720436754193,2.4532978488892963,1.7842490995977185,110.08325593365731
1.3721516574820742,1.3846162433918832,0.03297097758526695,-0.2929681978099139,-2.6924119507893547,1.8057750973723885,0.5186208646915873,-0.220984297193381,1.4210493669154178,1.83814803416042,-0.571227904282782,-0.6384242975994748,-0.722849046068396,-0.3654137131706725,0.7732485881595135,-1.7107797347909515,-39.14269595389494
1.5957650637297918,0.2150433067756607,-0.7107707496576773,0.6932505599494201,-1.4327574780040466,-1.1580803088032074,-0.8508672371261877,-0.2809237642918352,-0.3861744798190353,0.18094992264674759,-0.6242631558064197,-1.1968744356252485,-0.39859150281148603,-0.4702279969654751,-0.5210385094129945,-0.2440925393727383,-76.40009790061563
1.282486244323527,0.5112800938812642,0.39742134158984904,0.708840508436442,0.7506930033586579,0.1757969827316538,-1.040770243844245,-0.7018763491367802,0.9061129618553183,-0.9133584464596874,-0.32247824348235093,0.7948408786835541,-0.4173886703137579,1.0483525036969672,-1.1388092127581926,-1.1590255367257005,-24.73566429557986
0.18998388990915574,-0.00013929284832449472,-1.034601541022127,0.4185303073707885,0.6932670627103731,-0.013291363007199188,-0.03048495735970499,1.249706454852767,-0.1591045946293315,-1.4150782662018642,0.8866959866363371,0.19550961501868092,-1.2113178794196944,-0.11026418534224708,-1.1484535327471008,0.12335923285880923,73.19006646250125
0.07960221681960153,0.24526926996273496,-0.8628855300877641,-1.760905103959196,0.43133164658240547,-0.5542225048567189,-0.22823674309998201,1.0084550523790954,-0.5754541401957284,-1.4732618781490767,0.613363394226884,1.3352588347509775,-0.6345167964793168,-1.1315631997142865,-1.069587160732775,0.0957899582259113,39.488427569617826
-0.3984320607046052,0.06733799545586511,0.5660113030020055,0.8439624280508599,2.2567063361410757,-0.5339237885881865,1.0006040220955479,0.7210939486114163,0.4356504978191503,-0.8631302837330865,-0.28446788969314607,-0.1670457315592151,-0.6334704985885664,1.4221543753803427,-1.438740942416479,1.5262194300467917,49.18903688087564
-1.5210193839503574,-0.9301298083609775,-0.9870874526423202,-0.37187490625743147,0.8337728938883687,1.015175671795621,-0.29668673204102075,0.2904410446665188,0.011522239201990407,-0.07109050770281582,2.0168746485914926,0.6881055132117956,-1.372456326811603,-0.6640013266218425,1.0581967686487401,-0.2617296831717095,161.87016811834394
-0.7099260631491849,-0.6215193303009278,-1.1077901616981174,0.9679485331066531,-0.49139673379528076,-0.46172081780308694,0.02067503749033634,-0.6954069684881774,-0.20597548217187858,1.9527273993133512,1.0132206219854398,-0.6077876495013351,-1.2848145335360137,-0.7756051128244853,-0.1923459769618606,-0.7480193946864372,63.43979394874008
-2.020296461308023,-0.41919570517004406,0.21523137307256002,-0.8732014323482863,1.007019907071165,0.16965234784832567,-0.9607901853116931,0.9039135198482188,2.0993278336472927,0.03687628294956053,0.5048391626475576,-0.3913529006956123,-0.7416398823646836,-0.43591422871898355,2.0924181584429085,-2.1084954471995037,54.21813306253087
